n_clusters,noise_frac,silhouette,davies_bouldin,calinski_harabasz,ari,nmi,dataset,method,params,runtime_s,inertia,n_iter
2,0.0,0.7303302862385125,0.399075249138653,116461.20177274918,,,Earthquakes,KMeans++,"{""k"": 2}",0.038916571999948246,806469529501.9087,3.0
3,0.0,0.6496516704822023,0.6315450598211331,96854.25174118523,,,Earthquakes,KMeans++,"{""k"": 3}",0.041916818999993666,519521210737.3519,7.0
4,0.0,0.5130917445613634,0.7721528417030369,92465.88581914475,,,Earthquakes,KMeans++,"{""k"": 4}",0.04541956900004607,374967241567.64496,3.0
5,0.0,0.4810556372139721,0.7298834487855086,87610.50760441709,,,Earthquakes,KMeans++,"{""k"": 5}",0.04722712499994941,301693753243.26587,5.0
6,0.0,0.49368311276609966,0.6658734408233843,88729.000202461,,,Earthquakes,KMeans++,"{""k"": 6}",0.05768041900000753,241478520960.85013,10.0
7,0.0,0.5389910013077902,0.6348412224315282,93988.95880183372,,,Earthquakes,KMeans++,"{""k"": 7}",0.0612659309999799,192014862085.5741,6.0
8,0.0,0.551168380921375,0.6337817450210665,106368.17463202245,,,Earthquakes,KMeans++,"{""k"": 8}",0.07611953999992238,146843912503.04443,6.0
9,0.0,0.5488116128905546,0.660284657911138,107662.27307591506,,,Earthquakes,KMeans++,"{""k"": 9}",0.10109509300002628,127464953976.11449,9.0
10,0.0,0.5383547348961508,0.6728785651797641,109186.31922531415,,,Earthquakes,KMeans++,"{""k"": 10}",0.09438468199994077,112097782710.46446,7.0
11,0.0,0.54154409544009,0.6553219409554061,112043.87096587347,,,Earthquakes,KMeans++,"{""k"": 11}",0.1089768130000266,98580717623.52173,9.0
12,0.0,0.5587619481482564,0.6152697009557478,111434.44971270624,,,Earthquakes,KMeans++,"{""k"": 12}",0.13107247799996458,90263160068.0972,21.0
13,0.0,0.5536045822412297,0.6471592299189808,114612.9054449307,,,Earthquakes,KMeans++,"{""k"": 13}",0.13627574199995252,80608337975.61345,9.0
14,0.0,0.5676570542242408,0.6279643502824436,123468.44634009514,,,Earthquakes,KMeans++,"{""k"": 14}",0.14805313800002295,69233536714.39076,5.0
15,0.0,0.5659743365709855,0.6254228876921331,123896.15200259066,,,Earthquakes,KMeans++,"{""k"": 15}",0.12807263000001967,64131735478.49621,8.0
16,0.0,0.5504912816918813,0.6248791211400231,129721.77860301515,,,Earthquakes,KMeans++,"{""k"": 16}",0.15178501999992022,57252994339.83395,14.0
17,0.0,0.547753927685823,0.6189820275927645,133257.69156246525,,,Earthquakes,KMeans++,"{""k"": 17}",0.15267666500005816,52300802113.34312,15.0
18,0.0,0.553207354251257,0.599869484171164,139657.65373724984,,,Earthquakes,KMeans++,"{""k"": 18}",0.15238649900004475,47020097201.13313,11.0
19,0.0,0.5656598351075106,0.5869222659585529,141516.76281001378,,,Earthquakes,KMeans++,"{""k"": 19}",0.16053961900001923,43851086685.81552,18.0
20,0.0,0.5652303740093173,0.6139522773970877,143277.24087709808,,,Earthquakes,KMeans++,"{""k"": 20}",0.18590574799998194,41052480347.68022,17.0
21,0.0,0.5685606275663225,0.6235027409157617,144550.9555911704,,,Earthquakes,KMeans++,"{""k"": 21}",0.1989467529999729,38675541518.73977,19.0
22,0.0,0.5653000866859232,0.6186213581078114,145369.22493410666,,,Earthquakes,KMeans++,"{""k"": 22}",0.19485504499994022,36641369645.64737,9.0
23,0.0,0.5664128504768844,0.6483889188895171,148077.88936108883,,,Earthquakes,KMeans++,"{""k"": 23}",0.22103257800006304,34348438003.857975,14.0
24,0.0,0.5544802253209977,0.6402635374537524,147026.72596307448,,,Earthquakes,KMeans++,"{""k"": 24}",0.26825683200002004,33097907062.153767,16.0
25,0.0,0.5499606799284258,0.6735870634262833,150926.26969121388,,,Earthquakes,KMeans++,"{""k"": 25}",0.25798720600005254,30911560603.75554,14.0
2,0.0,0.722461629188931,0.5267220634477133,3262.2403069857323,,,UberNYC,KMeans++,"{""k"": 2}",0.015443331000028593,105461.70906868206,6.0
3,0.0,0.44139396603883185,0.688774115817227,4811.62437866026,,,UberNYC,KMeans++,"{""k"": 3}",0.016914811999981794,62511.13201450916,6.0
4,0.0,0.4385117706668338,0.6962357545807205,4961.809805007779,,,UberNYC,KMeans++,"{""k"": 4}",0.0167491780000546,46753.364235571586,8.0
5,0.0,0.4758883964929004,0.7095464112583507,5833.111628711361,,,UberNYC,KMeans++,"{""k"": 5}",0.020446190000029674,33283.303019851744,16.0
6,0.0,0.48747711958184053,0.6373749909539804,5899.5137971417125,,,UberNYC,KMeans++,"{""k"": 6}",0.025312958999961666,27498.09067627328,17.0
7,0.0,0.3937437209297905,0.6877484517301892,6093.829501596936,,,UberNYC,KMeans++,"{""k"": 7}",0.03252585999996427,22929.659702662033,8.0
8,0.0,0.4166671471694509,0.7009133977410051,6312.788369369562,,,UberNYC,KMeans++,"{""k"": 8}",0.03960081100001389,19441.941770343063,18.0
9,0.0,0.40534110375217886,0.7314958795187931,6488.324284319153,,,UberNYC,KMeans++,"{""k"": 9}",0.03984264999996867,16848.100341784153,19.0
10,0.0,0.4109687015587392,0.755987630134306,6446.301213567517,,,UberNYC,KMeans++,"{""k"": 10}",0.03692817000001014,15237.436615043822,17.0
11,0.0,0.3894163049222955,0.7763939399556843,6276.68184098576,,,UberNYC,KMeans++,"{""k"": 11}",0.04474060699999427,14183.349774330714,24.0
12,0.0,0.3946013908708076,0.7502829827523617,6192.522414475923,,,UberNYC,KMeans++,"{""k"": 12}",0.04456503500000508,13156.596812949138,11.0
13,0.0,0.3963248969564317,0.7455595879987006,6173.0267248847595,,,UberNYC,KMeans++,"{""k"": 13}",0.049792062000051374,12175.635804330599,12.0
14,0.0,0.38571463751076673,0.7769024901976422,6104.186180037005,,,UberNYC,KMeans++,"{""k"": 14}",0.04891895499997645,11421.693666566764,17.0
15,0.0,0.3677075621632569,0.7809436801351779,6245.671724292548,,,UberNYC,KMeans++,"{""k"": 15}",0.057440399000029174,10430.723152469858,10.0
16,0.0,0.38721240534347323,0.7702433591604896,6393.355122438732,,,UberNYC,KMeans++,"{""k"": 16}",0.05747968100001799,9563.166470985872,15.0
17,0.0,0.388498474723314,0.7805303254295337,6322.8952816284,,,UberNYC,KMeans++,"{""k"": 17}",0.05997805599997719,9091.973277700246,18.0
18,0.0,0.4052203207020602,0.7397470798512571,6472.891902979777,,,UberNYC,KMeans++,"{""k"": 18}",0.0659743859999935,8395.120519315122,15.0
19,0.0,0.40048347266260564,0.7643588290074441,6414.976399604152,,,UberNYC,KMeans++,"{""k"": 19}",0.07629969799995706,8018.775338937439,15.0
20,0.0,0.40025194600739555,0.7719649307347776,6375.028681648456,,,UberNYC,KMeans++,"{""k"": 20}",0.07023615100001734,7660.635178467152,21.0
21,0.0,0.408749462182335,0.7579509908825945,6559.616079450437,,,UberNYC,KMeans++,"{""k"": 21}",0.0833638599999631,7097.055445735098,24.0
22,0.0,0.39852698807181275,0.7584021993881517,6491.263549514816,,,UberNYC,KMeans++,"{""k"": 22}",0.079596400000014,6840.5419771036795,17.0
23,0.0,0.3961254053897408,0.7712373265665511,6451.022061292576,,,UberNYC,KMeans++,"{""k"": 23}",0.08717125800001213,6580.09041381777,27.0
24,0.0,0.3897229529776419,0.7770586677776485,6481.924280498431,,,UberNYC,KMeans++,"{""k"": 24}",0.09331911699996454,6276.052873933487,19.0
25,0.0,0.393137009226384,0.7520500182726056,6496.22660856469,,,UberNYC,KMeans++,"{""k"": 25}",0.09501944199996615,6009.789134232746,20.0
2,0.0,0.320891918738721,1.2837512244674825,106.78511294882401,0.3895046200855466,0.42779830092619897,Ecoli,KMeans++,"{""k"": 2}",0.004873717000009492,1782.2017507061337,3.0
3,0.0,0.3805052808815385,1.2690013179599402,112.71779835398343,0.6740911428830082,0.6366861874280972,Ecoli,KMeans++,"{""k"": 3}",0.005113914999924418,1402.5180425456085,6.0
4,0.0,0.3854530589893402,0.915352600510053,139.9466667926887,0.6768146304601235,0.6450657813177659,Ecoli,KMeans++,"{""k"": 4}",0.005532217999984823,1038.6039577437195,5.0
5,0.0,0.40532238028856343,0.746618653764512,176.24796516389375,0.6971269966289185,0.6663301262437464,Ecoli,KMeans++,"{""k"": 5}",0.006669198000054166,751.4653633379991,4.0
6,0.0,0.40381855842077147,0.6964753274346228,171.657357745228,0.7289104702684768,0.6912211583923641,Ecoli,KMeans++,"{""k"": 6}",0.008018292000087968,653.1756536777273,5.0
7,0.0,0.3542924441960294,0.8609716376580054,167.54908468584478,0.7310998894515813,0.6793872050753306,Ecoli,KMeans++,"{""k"": 7}",0.008490166999990834,579.9379336995092,9.0
8,0.0,0.2604668582344233,1.0912332039080679,163.2221629703183,0.5079066892753646,0.6406204745931141,Ecoli,KMeans++,"{""k"": 8}",0.009017109000069468,524.6018857662854,12.0
9,0.0,0.25578476164594427,1.088030658585907,155.85908857876896,0.42729725582217526,0.5866575955957847,Ecoli,KMeans++,"{""k"": 9}",0.009834444000034637,488.66976075362754,6.0
10,0.0,0.24809719517821693,1.1005978293454268,150.38910688771955,0.372189300762968,0.5793504915890658,Ecoli,KMeans++,"{""k"": 10}",0.011614903999998205,456.5353404379151,16.0
11,0.0,0.2280811934120384,1.1763874739033715,141.94461173115215,0.39013021869339376,0.5614785885574058,Ecoli,KMeans++,"{""k"": 11}",0.01181737299998531,438.1906625818454,18.0
12,0.0,0.23648906636816744,1.1276435095303552,136.09972094749776,0.3378874071666705,0.5905011417902011,Ecoli,KMeans++,"{""k"": 12}",0.01257856699999138,418.4554854014986,13.0
13,0.0,0.2344177802906027,1.120461086491288,133.78011201740588,0.3438041811543647,0.5775059384368353,Ecoli,KMeans++,"{""k"": 13}",0.013355470999954377,393.9593594658164,14.0
14,0.0,0.21706248007458653,1.1707921824599203,128.3390687386577,0.29723033932815923,0.5615474495430499,Ecoli,KMeans++,"{""k"": 14}",0.020115712999995594,380.49688328579776,10.0
15,0.0,0.20864858530455102,1.1884411691176056,124.18224064082276,0.2751989270449719,0.5495348725326241,Ecoli,KMeans++,"{""k"": 15}",0.017841682000039327,366.5808055859727,10.0
16,0.0,0.22706675346845184,1.1258647791640672,123.14331457362277,0.28299949137151204,0.5684018538582979,Ecoli,KMeans++,"{""k"": 16}",0.01528190600004109,347.29487931642734,9.0
17,0.0,0.19977058689873495,1.186824348664664,117.96667295677491,0.29240610670074013,0.5782839954520602,Ecoli,KMeans++,"{""k"": 17}",0.016093705000002956,340.04047153568945,8.0
18,0.0,0.22226902691152295,1.111832524916164,117.99359738239271,0.2433658088870963,0.5452107392291019,Ecoli,KMeans++,"{""k"": 18}",0.01677080299998579,321.8463989645364,13.0
19,0.0,0.1980358087856858,1.2510502119201443,114.00241694478808,0.22705626675138577,0.5436830564487826,Ecoli,KMeans++,"{""k"": 19}",0.017560620000040217,314.719420900434,14.0
20,0.0,0.21523145513103978,1.121371422619293,114.10612112729389,0.23447041822604062,0.549506952071479,Ecoli,KMeans++,"{""k"": 20}",0.016362085000082516,299.20576590382456,14.0
21,0.0,0.21381027735409122,1.1685821207391511,110.50896041642959,0.21328807326294058,0.5369093067469407,Ecoli,KMeans++,"{""k"": 21}",0.020729965000100492,293.3969983358019,11.0
22,0.0,0.20605943005174557,1.2065541068310177,110.38480680552487,0.21223861244236955,0.5219483556483089,Ecoli,KMeans++,"{""k"": 22}",0.01963728999999148,280.5871156703256,9.0
23,0.0,0.21683277908703052,1.1167840625233025,110.34234438116268,0.2124768808678132,0.5428419843159846,Ecoli,KMeans++,"{""k"": 23}",0.022059788999968077,268.62525735047865,11.0
24,0.0,0.20137003310492524,1.127799067090592,105.4086738892101,0.20579190710397652,0.5345980478318526,Ecoli,KMeans++,"{""k"": 24}",0.020000046999939514,268.17136903100027,7.0
25,0.0,0.2139800189869538,1.1154200325044936,107.53616941680286,0.17185201153541965,0.5235477084792761,Ecoli,KMeans++,"{""k"": 25}",0.020642750999968484,252.9409998273991,12.0
823,0.29027848966342046,0.29747111166859325,0.41878832705012675,219487.13487978204,,,Earthquakes,DBSCAN,"{""eps"": 27.395221, ""min_samples"": 4}",0.07708497100009026,,
720,0.17657611481291646,0.08285881060280717,0.4838117142536302,62220.53081238213,,,Earthquakes,DBSCAN,"{""eps"": 41.092832, ""min_samples"": 4}",0.08397659999991447,,
506,0.10588587049376388,0.025857654048865048,0.47842099221529416,17208.129701858503,,,Earthquakes,DBSCAN,"{""eps"": 60.269486, ""min_samples"": 4}",0.0940158490000158,,
376,0.06330087134802666,-0.08707933374586573,0.522237315429627,5470.189512968428,,,Earthquakes,DBSCAN,"{""eps"": 87.664707, ""min_samples"": 4}",0.10631358199998431,,
277,0.037032291132752436,-0.15120643149067203,0.5182446798464704,4681.636852460372,,,Earthquakes,DBSCAN,"{""eps"": 123.278495, ""min_samples"": 4}",0.12720239800000854,,
202,0.023876644455834616,-0.1251406239355435,0.5140216062477276,3811.9960761958673,,,Earthquakes,DBSCAN,"{""eps"": 164.371326, ""min_samples"": 4}",0.14709131600000092,,
133,0.016060140099094483,-0.22543465965182263,0.5837108604889072,3430.7609856945946,,,Earthquakes,DBSCAN,"{""eps"": 219.161768, ""min_samples"": 4}",0.16700856199997816,,
104,0.011617973688706646,-0.19953954606906674,0.661915086279712,3985.2889180072843,,,Earthquakes,DBSCAN,"{""eps"": 273.95221, ""min_samples"": 4}",0.19389089200001308,,
63,0.009268751067828464,-0.2706394426415677,0.7311200157802341,5078.041800212831,,,Earthquakes,DBSCAN,"{""eps"": 356.137874, ""min_samples"": 4}",0.23459595200006333,,
37,0.006278831368528959,-0.2608708510011316,0.7877116215878309,6250.989364722774,,,Earthquakes,DBSCAN,"{""eps"": 465.718758, ""min_samples"": 4}",0.28184504099999685,,
27,0.0037587561934050912,-0.2015206216690672,0.8367318267993076,8317.856218768578,,,Earthquakes,DBSCAN,"{""eps"": 602.694863, ""min_samples"": 4}",0.3210029650000479,,
12,0.0019220912352639673,-0.44374840441417684,0.9983231949619343,1390.1181174187964,,,Earthquakes,DBSCAN,"{""eps"": 821.856631, ""min_samples"": 4}",0.4879576519999773,,
339,0.47736203656244663,0.38164554442772514,0.4306036628581519,695959.8289968169,,,Earthquakes,DBSCAN,"{""eps"": 27.395221, ""min_samples"": 8}",0.07512595000002875,,
316,0.33478558004442166,0.22110427793783718,0.452284265739027,118962.27227684732,,,Earthquakes,DBSCAN,"{""eps"": 41.092832, ""min_samples"": 8}",0.08527228399998421,,
260,0.2112591833247907,0.1449287766005161,0.470281638586078,47209.66320524599,,,Earthquakes,DBSCAN,"{""eps"": 60.269486, ""min_samples"": 8}",0.09510172599993894,,
207,0.12749871860584316,0.08102467275044985,0.47649924229852864,29146.084086951134,,,Earthquakes,DBSCAN,"{""eps"": 87.664707, ""min_samples"": 8}",0.10857444300006591,,
152,0.0846574406287374,-0.09477760056719133,0.466625940650822,8625.928213990192,,,Earthquakes,DBSCAN,"{""eps"": 123.278495, ""min_samples"": 8}",0.1264648369999577,,
131,0.05565521954553221,0.1412576303478002,0.4567246880966386,9520.403455486537,,,Earthquakes,DBSCAN,"{""eps"": 164.371326, ""min_samples"": 8}",0.14247087499995814,,
94,0.035580044421664105,-0.019991171878237502,0.5703529166127473,6701.464249965067,,,Earthquakes,DBSCAN,"{""eps"": 219.161768, ""min_samples"": 8}",0.1730576159999373,,
68,0.023620365624466087,-0.03141144452724162,0.6009684514562371,6161.019327156867,,,Earthquakes,DBSCAN,"{""eps"": 273.95221, ""min_samples"": 8}",0.1951937949999092,,
51,0.017683239364428498,-0.06467830995501613,0.6717244507989424,8001.32638532596,,,Earthquakes,DBSCAN,"{""eps"": 356.137874, ""min_samples"": 8}",0.2142190639999626,,
29,0.010806424056039638,-0.133594346067365,0.6899767839258418,8391.418534217242,,,Earthquakes,DBSCAN,"{""eps"": 465.718758, ""min_samples"": 8}",0.5080887990000065,,
18,0.006620536477020332,-0.0901870848228473,0.7551031687601818,12889.711380175208,,,Earthquakes,DBSCAN,"{""eps"": 602.694863, ""min_samples"": 8}",0.33819935600001827,,
10,0.0030753459764223477,-0.3696564602435912,0.9827127004643597,1694.2644071056986,,,Earthquakes,DBSCAN,"{""eps"": 821.856631, ""min_samples"": 8}",0.44087739999997666,,
124,0.7063898855287887,0.5381153746767398,0.3910968087914558,1898197.7883837011,,,Earthquakes,DBSCAN,"{""eps"": 27.395221, ""min_samples"": 16}",0.07858568900007867,,
133,0.5216982743892021,0.46700043977117656,0.4068245366365593,707053.2557601484,,,Earthquakes,DBSCAN,"{""eps"": 41.092832, ""min_samples"": 16}",0.08280089899994891,,
132,0.3742098069366137,0.3307020724744674,0.39637281577461597,238267.93074340036,,,Earthquakes,DBSCAN,"{""eps"": 60.269486, ""min_samples"": 16}",0.09444612900006177,,
121,0.24077396207073296,0.324451952023848,0.43811658056298386,69195.09666778114,,,Earthquakes,DBSCAN,"{""eps"": 87.664707, ""min_samples"": 16}",0.10692139100001441,,
93,0.1611566717922433,0.18275356034431145,0.4577732590521745,46678.374206518965,,,Earthquakes,DBSCAN,"{""eps"": 123.278495, ""min_samples"": 16}",0.12402898300001652,,
86,0.1124636938322228,-0.01587646247376814,0.48328315183545606,15074.661395881241,,,Earthquakes,DBSCAN,"{""eps"": 164.371326, ""min_samples"": 16}",0.14494175899994843,,
69,0.07876302750726123,0.16099960903696023,0.4776053234253492,17302.622211498634,,,Earthquakes,DBSCAN,"{""eps"": 219.161768, ""min_samples"": 16}",0.18854977099999815,,
58,0.05779087647360328,0.09196375288999213,0.5345535859114672,9950.666095639615,,,Earthquakes,DBSCAN,"{""eps"": 273.95221, ""min_samples"": 16}",0.19687099899999794,,
44,0.03592174953015548,0.214510346861126,0.523649793009053,9278.613381093515,,,Earthquakes,DBSCAN,"{""eps"": 356.137874, ""min_samples"": 16}",0.2423258019999821,,
26,0.022424397744746284,0.028137264085425114,0.8095385575394245,9831.553568783129,,,Earthquakes,DBSCAN,"{""eps"": 465.718758, ""min_samples"": 16}",0.2814504630000556,,
19,0.012942080984110713,0.038608025285068785,0.6779241398758059,13249.940703565595,,,Earthquakes,DBSCAN,"{""eps"": 602.694863, ""min_samples"": 16}",0.48776641500001006,,
9,0.0065351101998974885,0.32281552852688417,0.6393311331327304,18025.616491389283,,,Earthquakes,DBSCAN,"{""eps"": 821.856631, ""min_samples"": 16}",0.43253474699997696,,
35,0.883862976251495,0.7661895499125332,0.30400855199939697,18954255.626825385,,,Earthquakes,DBSCAN,"{""eps"": 27.395221, ""min_samples"": 32}",0.07074626200005696,,
49,0.745942251836665,0.6177935312613417,0.3586121841294976,2564517.3297847426,,,Earthquakes,DBSCAN,"{""eps"": 41.092832, ""min_samples"": 32}",0.07764482100003534,,
59,0.5658636596617119,0.53158014692049,0.41688160106267064,709646.89119244,,,Earthquakes,DBSCAN,"{""eps"": 60.269486, ""min_samples"": 32}",0.08990235399994617,,
63,0.41051597471382195,0.371191350327727,0.48763806306387175,351285.3590274286,,,Earthquakes,DBSCAN,"{""eps"": 87.664707, ""min_samples"": 32}",0.10219652199998563,,
48,0.29288399111566715,0.4013826838196474,0.4263886908338718,134038.91311806138,,,Earthquakes,DBSCAN,"{""eps"": 123.278495, ""min_samples"": 32}",0.12028259900000648,,
45,0.20557833589612165,0.27135732377200794,0.45243721508103246,36316.281995469566,,,Earthquakes,DBSCAN,"{""eps"": 164.371326, ""min_samples"": 32}",0.14111151099996277,,
40,0.15299846232701178,0.3117385175873715,0.46300859797583616,29584.938219251297,,,Earthquakes,DBSCAN,"{""eps"": 219.161768, ""min_samples"": 32}",0.16953017100001944,,
32,0.1245942251836665,0.2039835465255963,0.492392315788006,20191.35564521985,,,Earthquakes,DBSCAN,"{""eps"": 273.95221, ""min_samples"": 32}",0.2080196670000305,,
26,0.09273022381684606,0.2267283070467396,0.6080503851240999,22771.036963787294,,,Earthquakes,DBSCAN,"{""eps"": 356.137874, ""min_samples"": 32}",0.21021997800005465,,
24,0.05347684947889971,0.30266376665821915,0.5839009636797862,16099.40963924242,,,Earthquakes,DBSCAN,"{""eps"": 465.718758, ""min_samples"": 32}",0.2777688449999687,,
18,0.034683068511874256,0.2511378515652921,0.9032203105809749,14018.820877272694,,,Earthquakes,DBSCAN,"{""eps"": 602.694863, ""min_samples"": 32}",0.3207082100000207,,
12,0.01866564155134119,0.2864746475881415,0.6664181427224584,20489.663673194635,,,Earthquakes,DBSCAN,"{""eps"": 821.856631, ""min_samples"": 32}",0.40764538400003403,,
253,0.3448333333333333,0.21674490704988628,0.5651599824707741,4619.26733732856,,,UberNYC,DBSCAN,"{""eps"": 0.068996, ""min_samples"": 4}",0.017541137999955936,,
105,0.19733333333333333,-0.35933331380655076,0.6814726958050179,237.67528216433124,,,UberNYC,DBSCAN,"{""eps"": 0.103494, ""min_samples"": 4}",0.019180151000000478,,
65,0.13016666666666668,-0.32143129898906647,0.49837479519672634,223.88595441408134,,,UberNYC,DBSCAN,"{""eps"": 0.151792, ""min_samples"": 4}",0.021919034000006832,,
54,0.0915,-0.10745229493571455,0.48626522375375436,250.23021308034603,,,UberNYC,DBSCAN,"{""eps"": 0.220788, ""min_samples"": 4}",0.027209369000047445,,
37,0.06116666666666667,-0.1256815538770333,0.5206706927018409,384.0208117788794,,,UberNYC,DBSCAN,"{""eps"": 0.310483, ""min_samples"": 4}",0.03272143699996377,,
28,0.045,-0.03929268319294621,0.4963700843985014,535.5184276101223,,,UberNYC,DBSCAN,"{""eps"": 0.413977, ""min_samples"": 4}",0.039382809000017005,,
27,0.031,-0.05635513345099821,0.5451331679122816,526.3298774353334,,,UberNYC,DBSCAN,"{""eps"": 0.55197, ""min_samples"": 4}",0.04548565300001428,,
20,0.023333333333333334,0.07586605671614584,0.506137806535834,701.6383452862395,,,UberNYC,DBSCAN,"{""eps"": 0.689962, ""min_samples"": 4}",0.05360000200005288,,
14,0.017333333333333333,0.11431769536971066,0.4758778302265032,360.3700378908944,,,UberNYC,DBSCAN,"{""eps"": 0.896951, ""min_samples"": 4}",0.06845175900002687,,
13,0.012,0.16388547746763166,0.5425162797113506,366.3516308042814,,,UberNYC,DBSCAN,"{""eps"": 1.172936, ""min_samples"": 4}",0.09427771200000734,,
10,0.008,0.5450666839413081,0.49097491281760436,489.59645417563416,,,UberNYC,DBSCAN,"{""eps"": 1.517917, ""min_samples"": 4}",0.1168405560000565,,
2,0.005333333333333333,0.7500104109386057,0.19599195463375227,2749.730026695178,,,UberNYC,DBSCAN,"{""eps"": 2.069887, ""min_samples"": 4}",0.16918146099999376,,
119,0.6353333333333333,0.5203878313285807,0.494053209396297,44462.922887472465,,,UberNYC,DBSCAN,"{""eps"": 0.068996, ""min_samples"": 8}",0.016415193000057116,,
67,0.3556666666666667,-0.16842070724115574,0.884643295812505,1595.9299596147075,,,UberNYC,DBSCAN,"{""eps"": 0.103494, ""min_samples"": 8}",0.024613606999992044,,
43,0.19616666666666666,-0.3976969805931409,0.6566608656264048,352.5626008905024,,,UberNYC,DBSCAN,"{""eps"": 0.151792, ""min_samples"": 8}",0.021905226000058065,,
16,0.14316666666666666,0.11317973867571778,0.46537932850980807,720.9005057718275,,,UberNYC,DBSCAN,"{""eps"": 0.220788, ""min_samples"": 8}",0.025409058999912304,,
17,0.10683333333333334,0.15850468904190407,0.5264633987285726,741.7104676639432,,,UberNYC,DBSCAN,"{""eps"": 0.310483, ""min_samples"": 8}",0.03245079999999234,,
13,0.07966666666666666,0.03971410106621087,0.561488672663442,1049.0998203907284,,,UberNYC,DBSCAN,"{""eps"": 0.413977, ""min_samples"": 8}",0.037838606000036634,,
13,0.05483333333333333,0.03641328363832119,0.5706929915450781,1103.7426230159613,,,UberNYC,DBSCAN,"{""eps"": 0.55197, ""min_samples"": 8}",0.060663237999960984,,
11,0.0405,0.0756291465761363,0.5658629557868484,1226.8493874692874,,,UberNYC,DBSCAN,"{""eps"": 0.689962, ""min_samples"": 8}",0.06235288599998512,,
8,0.03133333333333333,0.08139438540283975,0.5273653426287765,850.151368559661,,,UberNYC,DBSCAN,"{""eps"": 0.896951, ""min_samples"": 8}",0.07379293000008147,,
4,0.024333333333333332,0.21092077814758745,0.5989093780583393,1181.9641218758734,,,UberNYC,DBSCAN,"{""eps"": 1.172936, ""min_samples"": 8}",0.09874421500001063,,
7,0.013333333333333334,0.5820879896269334,0.38146140049315924,661.9871383311248,,,UberNYC,DBSCAN,"{""eps"": 1.517917, ""min_samples"": 8}",0.12317465600006017,,
3,0.007333333333333333,0.6870376747172149,0.3256545733382828,1579.877358460348,,,UberNYC,DBSCAN,"{""eps"": 2.069887, ""min_samples"": 8}",0.14738639100005457,,
16,0.934,0.8241323583473573,0.2687068383438561,977282.9963108643,,,UberNYC,DBSCAN,"{""eps"": 0.068996, ""min_samples"": 16}",0.015830466000011256,,
38,0.7005,0.4330224347417488,0.5479588261817288,27813.09660041163,,,UberNYC,DBSCAN,"{""eps"": 0.103494, ""min_samples"": 16}",0.01760775900004319,,
24,0.38266666666666665,-0.34347555556442644,0.9671151512949882,808.5975154411742,,,UberNYC,DBSCAN,"{""eps"": 0.151792, ""min_samples"": 16}",0.020648889000085546,,
14,0.2135,-0.04276559801719382,0.4947449160377398,783.0714836689378,,,UberNYC,DBSCAN,"{""eps"": 0.220788, ""min_samples"": 16}",0.025094404000014947,,
9,0.148,0.24835058923383413,0.4759196064262482,1221.6869865724982,,,UberNYC,DBSCAN,"{""eps"": 0.310483, ""min_samples"": 16}",0.03112807300010445,,
7,0.12683333333333333,0.26871200161054903,0.5269333342859049,1784.6990311538384,,,UberNYC,DBSCAN,"{""eps"": 0.413977, ""min_samples"": 16}",0.03924536900001385,,
6,0.0875,0.3737563059397146,0.4938004171411177,2431.5782360569415,,,UberNYC,DBSCAN,"{""eps"": 0.55197, ""min_samples"": 16}",0.04715560900001492,,
6,0.06866666666666667,0.3250799870814418,0.5097926814308607,2535.0809726271764,,,UberNYC,DBSCAN,"{""eps"": 0.689962, ""min_samples"": 16}",0.05517378100000769,,
7,0.04583333333333333,-0.023919399090788794,0.6310957324768258,1028.923600050446,,,UberNYC,DBSCAN,"{""eps"": 0.896951, ""min_samples"": 16}",0.06715868300000238,,
4,0.035666666666666666,0.2578322264011258,0.5959682336669362,1862.3711046621465,,,UberNYC,DBSCAN,"{""eps"": 1.172936, ""min_samples"": 16}",0.08393529199997829,,
2,0.029333333333333333,0.7769351836113847,0.17434837615823298,3431.1090189293277,,,UberNYC,DBSCAN,"{""eps"": 1.517917, ""min_samples"": 16}",0.11856221200002892,,
2,0.017333333333333333,0.7690798350101734,0.18671197377592846,3259.845124775357,,,UberNYC,DBSCAN,"{""eps"": 2.069887, ""min_samples"": 16}",0.16964694700004657,,
2,0.9828333333333333,0.9970053710933103,0.00409673697844168,3700822.0607149955,,,UberNYC,DBSCAN,"{""eps"": 0.068996, ""min_samples"": 32}",0.015704153999990922,,
3,0.966,0.990653304918986,0.012293337585370224,833010.2084520257,,,UberNYC,DBSCAN,"{""eps"": 0.103494, ""min_samples"": 32}",0.017155401000081838,,
15,0.7716666666666666,0.46007400280858063,0.5355333398882658,31937.03037341379,,,UberNYC,DBSCAN,"{""eps"": 0.151792, ""min_samples"": 32}",0.018793927000047006,,
9,0.37616666666666665,-0.23209369599419943,0.7384032307894434,1400.0761795041117,,,UberNYC,DBSCAN,"{""eps"": 0.220788, ""min_samples"": 32}",0.02287488900003609,,
7,0.23333333333333334,0.02610883217029386,0.4558171886393211,1154.9881853759407,,,UberNYC,DBSCAN,"{""eps"": 0.310483, ""min_samples"": 32}",0.030275039000002835,,
5,0.16266666666666665,0.30865699905736094,0.6054487734013272,2456.853317718509,,,UberNYC,DBSCAN,"{""eps"": 0.413977, ""min_samples"": 32}",0.036579114000005575,,
6,0.12866666666666668,0.26943638209235204,0.5147429327392817,2102.7776907192697,,,UberNYC,DBSCAN,"{""eps"": 0.55197, ""min_samples"": 32}",0.047367823000058706,,
5,0.09916666666666667,0.36306882583718997,0.48259719941466644,2935.6316644248045,,,UberNYC,DBSCAN,"{""eps"": 0.689962, ""min_samples"": 32}",0.056312382000101024,,
4,0.07433333333333333,0.31107660504754947,0.5560129491262316,2411.826268616592,,,UberNYC,DBSCAN,"{""eps"": 0.896951, ""min_samples"": 32}",0.06832601799999338,,
3,0.05616666666666666,0.626553971734117,0.27295429357076567,2900.6341128132913,,,UberNYC,DBSCAN,"{""eps"": 1.172936, ""min_samples"": 32}",0.0896939699999848,,
3,0.03966666666666667,0.6074091989836723,0.28412111652809396,2740.0446045318918,,,UberNYC,DBSCAN,"{""eps"": 1.517917, ""min_samples"": 32}",0.11250372899996819,,
2,0.022833333333333334,0.7719877509397097,0.1837595714084503,3440.3312791997646,,,UberNYC,DBSCAN,"{""eps"": 2.069887, ""min_samples"": 32}",0.14841493499989156,,
0,1.0,,,,0.0,0.0,Ecoli,DBSCAN,"{""eps"": 0.160879, ""min_samples"": 3}",0.0019471389999807798,,
1,0.9910714285714286,,,,-0.007393463792855582,0.009797230883937084,Ecoli,DBSCAN,"{""eps"": 0.241319, ""min_samples"": 3}",0.00198832500007029,,
4,0.9464285714285714,0.5115306352377879,0.6042129147436446,36.43621907886174,-0.041115656807177284,0.05322087751728645,Ecoli,DBSCAN,"{""eps"": 0.353935, ""min_samples"": 3}",0.0019741820000263033,,
14,0.6339285714285714,0.21672515541293064,1.0397441730882193,61.46145102709013,-0.031613254937815846,0.26308496641466056,Ecoli,DBSCAN,"{""eps"": 0.514814, ""min_samples"": 3}",0.002103916000010031,,
6,0.2648809523809524,0.19605874492222394,0.7894111128559871,56.40684541686444,0.4254269757348325,0.43646632297259996,Ecoli,DBSCAN,"{""eps"": 0.723957, ""min_samples"": 3}",0.0023446730000387106,,
5,0.10416666666666667,0.0017275657523982,1.1541271011950354,15.017394811376423,0.10611981342219103,0.18761598795571294,Ecoli,DBSCAN,"{""eps"": 0.965276, ""min_samples"": 3}",0.0025676040000917055,,
3,0.03571428571428571,0.5454066634010932,0.466266254982074,27.068205021447756,0.04499326650241564,0.129147786016483,Ecoli,DBSCAN,"{""eps"": 1.287035, ""min_samples"": 3}",0.0026649509999288057,,
3,0.017857142857142856,0.5412550617146071,0.467179478441657,26.550388820143223,0.040682055779972914,0.1327604250599067,Ecoli,DBSCAN,"{""eps"": 1.608793, ""min_samples"": 3}",0.002822961999981999,,
3,0.005952380952380952,0.5390743694590967,0.5445556927773058,29.9870465451498,0.03836453340876797,0.1417823109434136,Ecoli,DBSCAN,"{""eps"": 2.091431, ""min_samples"": 3}",0.0028585430000021006,,
2,0.002976190476190476,0.5593408551420052,0.6374892782056562,63.36186480996621,0.03805441187768192,0.118319107815951,Ecoli,DBSCAN,"{""eps"": 2.734949, ""min_samples"": 3}",0.0030429440000716568,,
2,0.002976190476190476,0.5593408551420052,0.6374892782056562,63.36186480996621,0.03805441187768192,0.118319107815951,Ecoli,DBSCAN,"{""eps"": 3.539345, ""min_samples"": 3}",0.0032513150000568203,,
2,0.002976190476190476,0.5593408551420052,0.6374892782056562,63.36186480996621,0.03805441187768192,0.118319107815951,Ecoli,DBSCAN,"{""eps"": 4.82638, ""min_samples"": 3}",0.003051907999974901,,
0,1.0,,,,0.0,0.0,Ecoli,DBSCAN,"{""eps"": 0.160879, ""min_samples"": 5}",0.0018211350000001403,,
0,1.0,,,,0.0,0.0,Ecoli,DBSCAN,"{""eps"": 0.241319, ""min_samples"": 5}",0.0019191950000276847,,
2,0.9702380952380952,0.725073371445019,0.34598633795843303,58.52679636632653,-0.02363933532847702,0.03115816869932709,Ecoli,DBSCAN,"{""eps"": 0.353935, ""min_samples"": 5}",0.001956658000040079,,
7,0.8333333333333334,0.32808168144172256,0.9521404899457762,46.47269022397717,-0.08382555291345821,0.13437911325090177,Ecoli,DBSCAN,"{""eps"": 0.514814, ""min_samples"": 5}",0.0020824380000021847,,
2,0.3601190476190476,0.486199602026516,0.7987825350481116,227.61891773725654,0.33837280714280576,0.38581868918045487,Ecoli,DBSCAN,"{""eps"": 0.723957, ""min_samples"": 5}",0.002248166999947898,,
1,0.17559523809523808,,,,0.107107129969829,0.1068493307009826,Ecoli,DBSCAN,"{""eps"": 0.965276, ""min_samples"": 5}",0.0024451979999184914,,
1,0.05654761904761905,,,,0.04426633792839121,0.10210679766008851,Ecoli,DBSCAN,"{""eps"": 1.287035, ""min_samples"": 5}",0.0026244370000085837,,
1,0.03869047619047619,,,,0.040319775816350135,0.10902639681518739,Ecoli,DBSCAN,"{""eps"": 1.608793, ""min_samples"": 5}",0.0028241339999794945,,
2,0.017857142857142856,0.5599761686467482,0.5039117617888987,37.65128708791049,0.039104504567380335,0.13511722692291717,Ecoli,DBSCAN,"{""eps"": 2.091431, ""min_samples"": 5}",0.002893494999966606,,
2,0.002976190476190476,0.5593408551420052,0.6374892782056562,63.36186480996621,0.03805441187768192,0.118319107815951,Ecoli,DBSCAN,"{""eps"": 2.734949, ""min_samples"": 5}",0.0030031840000219745,,
2,0.002976190476190476,0.5593408551420052,0.6374892782056562,63.36186480996621,0.03805441187768192,0.118319107815951,Ecoli,DBSCAN,"{""eps"": 3.539345, ""min_samples"": 5}",0.003364111999985653,,
2,0.002976190476190476,0.5593408551420052,0.6374892782056562,63.36186480996621,0.03805441187768192,0.118319107815951,Ecoli,DBSCAN,"{""eps"": 4.82638, ""min_samples"": 5}",0.0029474099999333703,,
0,1.0,,,,0.0,0.0,Ecoli,DBSCAN,"{""eps"": 0.160879, ""min_samples"": 8}",0.001857144000041444,,
0,1.0,,,,0.0,0.0,Ecoli,DBSCAN,"{""eps"": 0.241319, ""min_samples"": 8}",0.0020040910000034273,,
0,1.0,,,,0.0,0.0,Ecoli,DBSCAN,"{""eps"": 0.353935, ""min_samples"": 8}",0.0019888919999857535,,
2,0.9523809523809523,0.5974380512123278,0.5376359986636756,41.92458194006957,-0.03596013846088638,0.04857267865631587,Ecoli,DBSCAN,"{""eps"": 0.514814, ""min_samples"": 8}",0.002121125999906326,,
3,0.5297619047619048,0.573207594154137,0.5694378071245466,199.6284554898218,0.21740137632767922,0.3528738214799165,Ecoli,DBSCAN,"{""eps"": 0.723957, ""min_samples"": 8}",0.0024360500000284446,,
2,0.2113095238095238,0.43439022483101963,0.9082803556623289,220.39699709855626,0.48871452241503294,0.48807371595965887,Ecoli,DBSCAN,"{""eps"": 0.965276, ""min_samples"": 8}",0.002465411999992284,,
1,0.06547619047619048,,,,0.05060146233830865,0.09609918340063754,Ecoli,DBSCAN,"{""eps"": 1.287035, ""min_samples"": 8}",0.0027618599999641447,,
1,0.03869047619047619,,,,0.040319775816350135,0.10902639681518739,Ecoli,DBSCAN,"{""eps"": 1.608793, ""min_samples"": 8}",0.003119265999998788,,
1,0.03273809523809524,,,,0.0386798439844324,0.10979551974771261,Ecoli,DBSCAN,"{""eps"": 2.091431, ""min_samples"": 8}",0.002972899000042162,,
2,0.005952380952380952,0.5576382012005718,0.6207967224091846,56.32613760446839,0.03815306971317118,0.12421270200496691,Ecoli,DBSCAN,"{""eps"": 2.734949, ""min_samples"": 8}",0.003802194999934727,,
2,0.002976190476190476,0.5593408551420052,0.6374892782056562,63.36186480996621,0.03805441187768192,0.118319107815951,Ecoli,DBSCAN,"{""eps"": 3.539345, ""min_samples"": 8}",0.0033735440000555172,,
2,0.002976190476190476,0.5593408551420052,0.6374892782056562,63.36186480996621,0.03805441187768192,0.118319107815951,Ecoli,DBSCAN,"{""eps"": 4.82638, ""min_samples"": 8}",0.003021238999963316,,
0,1.0,,,,0.0,0.0,Ecoli,DBSCAN,"{""eps"": 0.160879, ""min_samples"": 12}",0.0019500120000657262,,
0,1.0,,,,0.0,0.0,Ecoli,DBSCAN,"{""eps"": 0.241319, ""min_samples"": 12}",0.0019202559999484947,,
0,1.0,,,,0.0,0.0,Ecoli,DBSCAN,"{""eps"": 0.353935, ""min_samples"": 12}",0.002277927000022828,,
0,1.0,,,,0.0,0.0,Ecoli,DBSCAN,"{""eps"": 0.514814, ""min_samples"": 12}",0.002140638999890143,,
2,0.6785714285714286,0.6409786492388444,0.46478761373026833,199.33709708468507,0.07933787061549286,0.2632077986802253,Ecoli,DBSCAN,"{""eps"": 0.723957, ""min_samples"": 12}",0.0023314009999921836,,
2,0.25595238095238093,0.45382486846286335,0.8685401616255884,235.2544725456859,0.47278785144222973,0.45811153949903877,Ecoli,DBSCAN,"{""eps"": 0.965276, ""min_samples"": 12}",0.0024793710000494684,,
1,0.11011904761904762,,,,0.10754017538669011,0.1706322397754866,Ecoli,DBSCAN,"{""eps"": 1.287035, ""min_samples"": 12}",0.002765762999956678,,
1,0.041666666666666664,,,,0.04310550930486068,0.10858770504839162,Ecoli,DBSCAN,"{""eps"": 1.608793, ""min_samples"": 12}",0.00306673399995816,,
1,0.03273809523809524,,,,0.0386798439844324,0.10979551974771261,Ecoli,DBSCAN,"{""eps"": 2.091431, ""min_samples"": 12}",0.0031245640000179264,,
1,0.02976190476190476,,,,0.03797812133245865,0.11229036300703897,Ecoli,DBSCAN,"{""eps"": 2.734949, ""min_samples"": 12}",0.0031638899999961723,,
1,0.02976190476190476,,,,0.03797812133245865,0.11229036300703897,Ecoli,DBSCAN,"{""eps"": 3.539345, ""min_samples"": 12}",0.0032705080000141606,,
1,0.02976190476190476,,,,0.03797812133245865,0.11229036300703897,Ecoli,DBSCAN,"{""eps"": 4.82638, ""min_samples"": 12}",0.003054929000086304,,
426,0.31159234580556977,0.5697765009002477,0.43901615771186475,342953.78965460235,,,Earthquakes,HDBSCAN,"{""min_cluster_size"": 10}",2.7572115860000395,,
255,0.3027080129847941,0.6441138705709197,0.4068696405249254,124774.21837237428,,,Earthquakes,HDBSCAN,"{""min_cluster_size"": 15}",2.6801701880000337,,
144,0.3211600888433282,0.5644582941158447,0.3970391484528236,314830.8185983762,,,Earthquakes,HDBSCAN,"{""min_cluster_size"": 25}",2.6654882310000403,,
72,0.28190671450538185,0.6298992069138569,0.41328472886615664,134059.49993236145,,,Earthquakes,HDBSCAN,"{""min_cluster_size"": 40}",2.7400320059999785,,
43,0.2536733299162823,0.6180383991476986,0.4038630188533868,197275.05305226005,,,Earthquakes,HDBSCAN,"{""min_cluster_size"": 60}",2.6929207009999345,,
30,0.3020246027678114,0.6941781835709411,0.3460108241634162,298706.5293778495,,,Earthquakes,HDBSCAN,"{""min_cluster_size"": 100}",2.8312447360000306,,
21,0.26148983427302236,0.5937590988507022,0.41291248055519864,84859.71908235774,,,Earthquakes,HDBSCAN,"{""min_cluster_size"": 150}",3.01547916100003,,
13,0.3193661370237485,0.6983531036748776,0.3410822801553991,123747.81058705499,,,Earthquakes,HDBSCAN,"{""min_cluster_size"": 250}",3.339298388999964,,
18,0.058666666666666666,0.12785589873454378,0.40507050230004465,807.4046246640473,,,UberNYC,HDBSCAN,"{""min_cluster_size"": 10}",0.16062538599999243,,
12,0.07616666666666666,0.22238876338159644,0.40940713479565854,1061.9295020415732,,,UberNYC,HDBSCAN,"{""min_cluster_size"": 15}",0.15955499300002884,,
6,0.1,0.3806964905863032,0.4535486017325175,2402.4449400283133,,,UberNYC,HDBSCAN,"{""min_cluster_size"": 25}",0.15501749299994572,,
5,0.11283333333333333,0.35935827597996306,0.475861076085514,2962.7579866058486,,,UberNYC,HDBSCAN,"{""min_cluster_size"": 40}",0.16259857499994723,,
5,0.12733333333333333,0.3385955002859502,0.46677336287358456,2896.6425718841083,,,UberNYC,HDBSCAN,"{""min_cluster_size"": 60}",0.1760057040000902,,
3,0.050666666666666665,0.6269465429499167,0.2844409300205368,3116.7625209503067,,,UberNYC,HDBSCAN,"{""min_cluster_size"": 100}",0.20896344100003716,,
4,0.7118333333333333,0.6475070726015655,0.415304777772804,7507.236369089938,,,UberNYC,HDBSCAN,"{""min_cluster_size"": 150}",0.2589603860000125,,
3,0.7471666666666666,0.673499169136987,0.5241479107431031,8768.00381475334,,,UberNYC,HDBSCAN,"{""min_cluster_size"": 250}",0.3634763469999598,,
2,0.002976190476190476,0.5593408551420052,0.6374892782056562,63.36186480996621,0.03805441187768192,0.118319107815951,Ecoli,HDBSCAN,"{""min_cluster_size"": 5}",0.004192989999978636,,
2,0.002976190476190476,0.5593408551420052,0.6374892782056562,63.36186480996621,0.03805441187768192,0.118319107815951,Ecoli,HDBSCAN,"{""min_cluster_size"": 8}",0.003493366000043352,,
2,0.37202380952380953,0.48274823708177567,0.7894353382394429,210.7435521188344,0.3389361671772482,0.3763418425871164,Ecoli,HDBSCAN,"{""min_cluster_size"": 12}",0.003390364999972917,,
2,0.5178571428571429,0.5423254086884969,0.6554305580147084,222.3084862205219,0.19391505646701138,0.30073345971944343,Ecoli,HDBSCAN,"{""min_cluster_size"": 20}",0.004260719999933826,,
2,0.5982142857142857,0.5847499661852015,0.5711398123684273,211.50677244614567,0.14523594594509812,0.29681297926868455,Ecoli,HDBSCAN,"{""min_cluster_size"": 30}",0.004638055999976132,,
