variant,method,n_clusters,noise_fraction,largest_cluster_share,silhouette,davies_bouldin,ari,nmi,ari_vs_default,single_storey_clusters
"default (4 features, standardized)",K-means,4,0.0,0.35235,0.3171418847157061,1.115436586097959,0.2140470500308138,0.29436658252622916,1.0,0
"default (4 features, standardized)",HDBSCAN,2,0.28475,0.68635,0.1599139533469496,1.1326848605669209,0.07218184759488523,0.10115627046498911,1.0,0
raw units,K-means,4,0.0,0.39905,0.5404084657787384,0.5422448171459916,0.22920143543303315,0.27673945942093026,0.26119039172119624,0
raw units,HDBSCAN,7,0.31595,0.51715,0.1960928398429901,0.40452798811261353,0.1475690590542199,0.16862429224689218,0.17335621848478797,0
jittered,K-means,4,0.0,0.3576,0.3160104237017562,1.1192834905895293,0.21817516040737825,0.29805820109788544,0.9415131453224056,0
jittered,HDBSCAN,2,0.2737,0.69825,0.14995604715058777,1.1186567252974937,0.06937454374686054,0.0956248168249882,0.8858225085817186,0
without lease,K-means,4,0.0,0.447,0.31728802895120733,1.0682062651819657,0.4606933074577649,0.48685449680323545,0.33739619147322614,0
without lease,HDBSCAN,5,0.29665,0.18895,0.08561074421703373,3.1795306057351578,0.0033176020533371414,0.07582204879223751,0.15857509679706247,4
floor area and lease only,K-means,4,0.0,0.3009,0.43751785997779763,0.8481469174807297,0.2655888738590021,0.3866350974360867,0.5189797617959853,0
floor area and lease only,HDBSCAN,14,0.4315,0.09085,0.48709208401382037,0.7258854201968225,0.12694602832642243,0.4336729558202831,0.01276708596846569,0
plus price per m²,K-means,4,0.0,0.3559,0.300089040780754,1.167187395089503,0.18979428754092093,0.2810104230864737,0.586135435290196,0
plus price per m²,HDBSCAN,2,0.3486,0.63055,0.16878202952643664,1.0330230602723889,0.054151253878155524,0.0748005575021064,0.7762711873266712,0
"floor area and lease only, jittered",K-means,4,0.0,0.3004,0.43703648755567154,0.8487450824768394,0.266460435488597,0.38721323915652767,0.5181070796535457,0
"floor area and lease only, jittered",HDBSCAN,12,0.338,0.13855,0.5727019930356795,0.5285083305682715,0.19616337157598113,0.4826164437854071,0.02465713211285171,0
"floor area and lease only, shuffled null",K-means,4,0.0,0.2907,0.3580367008186285,0.890474672042981,0.00012861282430191162,0.00022252844643486861,-0.00012510224715667954,0
"floor area and lease only, shuffled null",HDBSCAN,10,0.46425,0.1469,0.4408037766074505,0.6524461986515917,-0.0002730535248870838,0.0008084709028936435,-0.0013842333686159395,0
