method,pair,shared_sales,ari,n_clusters_i,n_clusters_j
K-means,0-1,12814,0.9839798610393502,4,4
K-means,0-2,12797,0.9749861144020976,4,4
K-means,0-3,12811,0.9409709929161987,4,4
K-means,0-4,12801,0.9847373799694354,4,4
K-means,1-2,12781,0.9730410674053163,4,4
K-means,1-3,12776,0.9426500269970189,4,4
K-means,1-4,12808,0.9901891427591544,4,4
K-means,2-3,12797,0.9624207767449231,4,4
K-means,2-4,12808,0.9793923951495465,4,4
K-means,3-4,12811,0.9479596217045648,4,4
DBSCAN (real),0-1,12814,0.9261796738195972,6,3
DBSCAN (real),0-2,12797,0.9245414126686234,6,4
DBSCAN (real),0-3,12811,0.9074588623333707,6,4
DBSCAN (real),0-4,12801,0.9072855827380601,6,5
DBSCAN (real),1-2,12781,0.916278727651181,3,4
DBSCAN (real),1-3,12776,0.8901037011681745,3,4
DBSCAN (real),1-4,12808,0.9283344184435086,3,5
DBSCAN (real),2-3,12797,0.9292680478916708,4,4
DBSCAN (real),2-4,12808,0.92722746039316,4,5
DBSCAN (real),3-4,12811,0.9027785199166221,4,5
HDBSCAN (real),0-1,12814,0.9330214240228791,2,2
HDBSCAN (real),0-2,12797,0.9205020929000198,2,2
HDBSCAN (real),0-3,12811,0.9130708506065595,2,2
HDBSCAN (real),0-4,12801,0.9698304560405787,2,2
HDBSCAN (real),1-2,12781,0.9656198190120062,2,2
HDBSCAN (real),1-3,12776,0.961684120654915,2,2
HDBSCAN (real),1-4,12808,0.9272533069854703,2,2
HDBSCAN (real),2-3,12797,0.9642006149875163,2,2
HDBSCAN (real),2-4,12808,0.9157197075484276,2,2
HDBSCAN (real),3-4,12811,0.9048385902234664,2,2
HDBSCAN (jittered),0-1,12814,0.9574912760899187,2,2
HDBSCAN (jittered),0-2,12797,0.9543939164230747,2,2
HDBSCAN (jittered),0-3,12811,0.9272104048788716,2,2
HDBSCAN (jittered),0-4,12801,0.9687459781056911,2,2
HDBSCAN (jittered),1-2,12781,0.9615148936673718,2,2
HDBSCAN (jittered),1-3,12776,0.9614549383366853,2,2
HDBSCAN (jittered),1-4,12808,0.9456808812075982,2,2
HDBSCAN (jittered),2-3,12797,0.9564052478720333,2,2
HDBSCAN (jittered),2-4,12808,0.9508763445892023,2,2
HDBSCAN (jittered),3-4,12811,0.9238593659986639,2,2
HDBSCAN capped (real),0-1,12814,0.9857656380565615,7,7
HDBSCAN capped (real),0-2,12797,0.9858462782304769,7,7
HDBSCAN capped (real),0-3,12811,0.9844262522633388,7,7
HDBSCAN capped (real),0-4,12801,0.9856976728293539,7,7
HDBSCAN capped (real),1-2,12781,0.987951042602641,7,7
HDBSCAN capped (real),1-3,12776,0.9864363339849168,7,7
HDBSCAN capped (real),1-4,12808,0.9884254301878883,7,7
HDBSCAN capped (real),2-3,12797,0.9871642101136479,7,7
HDBSCAN capped (real),2-4,12808,0.9884691134474858,7,7
HDBSCAN capped (real),3-4,12811,0.9878744699423797,7,7
