dataset,method,setting,n_clusters,noise_fraction,largest_cluster_share,silhouette,null_silhouette,davies_bouldin,seconds,over 50% largest-cluster cap
earthquakes,K-means (random),"K=6, n_init=1",6.0,0.0,0.442627240612325,0.5249323952616167,0.3892493082083847,0.7997151597043765,0.0043042089964728,False
earthquakes,K-means++,"K=6, n_init=1",6.0,0.0,0.3096951458851236,0.527908507662719,0.3906375775208288,0.7381566573548294,0.005043333992944,False
earthquakes,DBSCAN,"eps=101.8 km, min_samples=20",41.0,0.4035064765144576,0.1178856469972523,0.703265996214921,,0.3512295084693416,0.0514771250018384,False
earthquakes,HDBSCAN,"min_cluster_size=50, min_samples=default",28.0,0.3070783723668716,0.0752322386497448,0.7572118320163524,0.3195022499174487,0.3288366088615081,1.0810035419999622,False
LTA train,K-means (random),"K=4, n_init=1",4.0,0.0,0.4864864864864865,0.259926428391387,0.0668788806148337,1.3133952649987568,0.0015394590009236,False
LTA train,K-means++,"K=4, n_init=1",4.0,0.0,0.4810810810810811,0.2573683023035054,0.0662464417755168,1.332125818474064,0.0007652920030523,False
LTA train,DBSCAN,"eps=0.0686 (p75), min_samples=5",2.0,0.1351351351351351,0.8162162162162162,0.4868891212219697,,0.5953032506624415,0.0012255420006113,True
LTA train,HDBSCAN,"min_cluster_size=5, min_samples=default",2.0,0.4162162162162162,0.5513513513513514,0.4971115838878837,,0.5334154572201246,0.0031563329976052,True
LTA bus,K-means (random),"K=5, n_init=1",5.0,0.0,0.2993212174293847,0.2038114676144243,0.0824869416392715,1.483020093399953,0.0149013749905861,False
LTA bus,K-means++,"K=5, n_init=1",5.0,0.0,0.2993212174293847,0.2038114676144243,0.1325324110355318,1.483020093399953,0.0179290420055622,False
LTA bus,DBSCAN,"eps=0.0958 (p75), min_samples=5",2.0,0.204291657543245,0.7946135318589884,0.3055536923163415,,0.8305522439330544,0.0390782080066856,True
LTA bus,HDBSCAN,no setting with 2+ clusters and at most 50% noise,,,,,,,,False
HDB resale,K-means (random),K=4,4.0,0.0,0.36245,0.3171095836683395,0.1951439054910035,1.1156447762823716,0.0109011250024195,False
HDB resale,K-means++,K=4,4.0,0.0,0.3508,0.3169540502978633,0.2183611898438765,1.1160403851674925,0.009938167000655,False
HDB resale,DBSCAN,"eps=0.567, min_samples=10",3.0,0.01385,0.9708,0.2385493486818355,0.3302043557641334,0.7320066136962579,0.4282379999931436,True
HDB resale,HDBSCAN,"min_cluster_size=200, min_samples=None",2.0,0.28475,0.68635,0.1599139533469496,0.5927579194194647,1.1326848605669209,2.022124500013888,True
