method,data,min_samples,eps_factor,eps,n_clusters,noise_fraction,largest_cluster_share,silhouette,davies_bouldin,ari,nmi,single_storey_clusters,seconds
DBSCAN,real,5,0.5,0.19971256002853036,128,0.1672,0.1937,-0.31393976877146673,0.9789450524738552,0.021797174210168965,0.1510416168703088,128,0.12810833399998955
DBSCAN,real,5,0.75,0.29956884004279555,96,0.06725,0.21215,-0.24141082819654644,1.1797104756626327,0.01618801931637522,0.12633286044120176,96,0.17371908298810013
DBSCAN,real,5,1.0,0.3994251200570607,66,0.0322,0.2156,-0.13321125897783878,1.5638598860388047,0.013769310337233753,0.10780788438148062,66,0.2253862080106046
DBSCAN,real,5,1.5,0.5991376800855911,4,0.00415,0.9806,0.15386473463866968,0.6709889543623476,0.026850710743006587,0.09112320717863932,0,0.463766625005519
DBSCAN,real,5,2.0,0.7988502401141214,1,0.00085,0.99915,,,0.0003377740642863052,0.00031443852082685164,0,0.6993982919957489
DBSCAN,real,10,0.5,0.28361670288360785,40,0.1409,0.2055,-0.1712844143848219,1.4416559468258412,0.017967116921280606,0.12354136963761016,40,0.16375000000698492
DBSCAN,real,10,0.75,0.4254250543254118,43,0.05635,0.21485,-0.0800234779823291,1.7334434203944837,0.014567653268018893,0.10300355054929551,43,0.2412148330186028
DBSCAN,real,10,1.0,0.5672334057672157,3,0.01385,0.9708,0.23854934868183558,0.7320066136962579,0.02965375556661588,0.09136247485860925,1,0.4246455410029739
DBSCAN,real,10,1.5,0.8508501086508236,1,0.0013,0.9987,,,0.00038066824952875716,0.0004767589270518867,0,0.773436290997779
DBSCAN,real,10,2.0,1.1344668115344314,1,0.0002,0.9998,,,0.00016798617957123973,0.0004050400542523612,0,1.287929832993541
DBSCAN,real,20,0.5,0.3339234421864131,29,0.16335,0.2033,-0.14459271399661267,1.6125758921946187,0.021220406642733742,0.1356481589235477,29,0.1896224170050118
DBSCAN,real,20,0.75,0.5008851632796196,27,0.075,0.21455,-0.07951992379835718,2.021935167752682,0.014569850492519907,0.09479157801705128,27,0.28577712501282804
DBSCAN,real,20,1.0,0.6678468843728262,1,0.0126,0.9874,,,0.004074968799008699,0.0037401817297808494,0,0.5592811249953229
DBSCAN,real,20,1.5,1.0017703265592393,1,0.00115,0.99885,,,0.00017716492716321494,0.00023092112476764875,0,0.9469210840179585
DBSCAN,real,20,2.0,1.3356937687456525,1,0.0002,0.9998,,,0.00016798617957123973,0.0004050400542523612,0,1.6771850830118638
DBSCAN,jittered,5,0.5,0.2203020832282427,89,0.1999,0.68925,-0.4657707211173144,0.8834431291761762,0.13134482997388386,0.2387909411916767,49,0.12750629198853858
DBSCAN,jittered,5,0.75,0.33045312484236405,41,0.0626,0.86745,-0.22557996097252858,0.771504802882961,0.06774610102100577,0.15725773122321102,13,0.19534966599894688
DBSCAN,jittered,5,1.0,0.4406041664564854,16,0.0191,0.9151,-0.08539766243366934,0.8367966360221286,0.06030895416024992,0.16536396231625036,2,0.28667479200521484
DBSCAN,jittered,5,1.5,0.6609062496847281,2,0.0031,0.9966,0.49446177031788013,0.4366792932437662,0.0011144785788863036,0.001379744713336127,0,0.5126099170011003
DBSCAN,jittered,5,2.0,0.8812083329129708,1,0.00055,0.99945,,,0.00023485492225043718,0.00025868383693908683,0,0.8173263749922626
DBSCAN,jittered,10,0.5,0.2647352805360848,16,0.20675,0.70075,-0.28102017992063844,1.002046351220347,0.12815654764060586,0.2323129187232926,4,0.15218941698549315
DBSCAN,jittered,10,0.75,0.39710292080412724,9,0.0628,0.87705,-0.014324802460704427,0.9241433073824439,0.0666466658597368,0.15036365864648737,2,0.24718308300361969
DBSCAN,jittered,10,1.0,0.5294705610721696,6,0.0185,0.9181,0.05664257973405657,0.936334807239124,0.05987987435492794,0.16506350261964461,0,0.3966024169931188
DBSCAN,jittered,10,1.5,0.7942058416082545,1,0.0021,0.9979,,,0.0006777313681835483,0.0003749878399929539,0,0.6826558750180993
DBSCAN,jittered,10,2.0,1.0589411221443392,1,0.0004,0.9996,,,0.00018556381709600097,0.0002681947782506055,0,1.0705934170109686
DBSCAN,jittered,20,0.5,0.31274900365940744,7,0.20715,0.70605,-0.058560625664448196,1.0728029893896918,0.12598369946711666,0.22887027367875507,0,0.1861362499766983
DBSCAN,jittered,20,0.75,0.4691235054891112,5,0.06665,0.8767,0.019333052207213843,1.0588156412224383,0.06552735279643475,0.14636742373499817,0,0.3134422079892829
DBSCAN,jittered,20,1.0,0.6254980073188149,3,0.0192,0.9644,0.19384990791901674,0.7812780486477848,0.03216942175315977,0.0920511598051128,0,0.47116762498626485
DBSCAN,jittered,20,1.5,0.9382470109782224,1,0.0015,0.9985,,,0.00029736313978796834,0.0002454600654549559,0,0.89099470799556
DBSCAN,jittered,20,2.0,1.2509960146376298,1,0.0002,0.9998,,,0.00016798617957123973,0.0004050400542523612,0,1.400067874987144
