method,data,min_cluster_size,min_samples,n_clusters,noise_fraction,largest_cluster_share,silhouette,davies_bouldin,ari,nmi,single_storey_clusters,seconds
HDBSCAN,real,100,None,14,0.5416,0.1139,0.04318860215700264,1.6601108986872848,0.00013938902328614606,0.2055684816830447,12,1.7237879169988446
HDBSCAN,real,100,5,41,0.2827,0.16535,0.004716996226801106,1.7761769997190164,0.02301697587529589,0.29907803907693276,38,1.4282575410034042
HDBSCAN,real,100,10,32,0.3296,0.21375,0.0062999640758813116,1.6145957630831824,0.03874084551055151,0.2829259557202102,30,1.4500047080218792
HDBSCAN,real,200,None,2,0.28475,0.68635,0.1599139533469496,1.1326848605669209,0.07218184759488523,0.10115627046498911,0,2.0325933340063784
HDBSCAN,real,200,5,12,0.0753,0.2249,-0.10231090678375124,3.297205032132037,0.011780058044773788,0.09994829930834248,9,1.4212059169949498
HDBSCAN,real,200,10,8,0.0924,0.21375,0.00844857331782962,3.9283322476075444,0.021948239234121383,0.09142918688883032,6,1.4406478330201935
HDBSCAN,real,400,None,2,0.7092,0.2062,0.4476715287266812,0.7868918672140434,-0.0002921216794165167,0.13870465488485148,0,2.6198942080081906
HDBSCAN,real,400,5,6,0.10995,0.2249,0.009025409835150974,4.96985449485865,0.005529226538860616,0.030747812921905236,6,1.4329058750008699
HDBSCAN,real,400,10,7,0.10655,0.21375,0.016705918248630342,4.2837500641094834,0.017864233152032425,0.07064692496963494,6,1.440977541002212
HDBSCAN,jittered,100,None,3,0.1987,0.75745,0.14767002055962755,1.143490080282499,0.06513174302812998,0.1196270116213641,0,1.7074100839963648
HDBSCAN,jittered,100,5,3,0.036,0.90305,0.12950306789506633,1.413679785211273,0.061393654859064166,0.158274805042491,0,1.4095496660156641
HDBSCAN,jittered,100,10,3,0.0439,0.8967,0.11910181047995061,1.3693258785372462,0.06356922663948437,0.15411885695684294,0,1.4300434159813449
HDBSCAN,jittered,200,None,2,0.2737,0.69825,0.14995604715058777,1.1186567252974937,0.06937454374686054,0.0956248168249882,0,1.988842457998544
HDBSCAN,jittered,200,5,3,0.036,0.90305,0.12950306789506633,1.413679785211273,0.061393654859064166,0.158274805042491,0,1.4078198329953011
HDBSCAN,jittered,200,10,3,0.0439,0.8967,0.11910181047995061,1.3693258785372462,0.06356922663948437,0.15411885695684294,0,1.4378337079833727
HDBSCAN,jittered,400,None,2,0.6977,0.21895,0.43473127368889725,0.7986888489947369,-0.00035334933795524954,0.13571291531218796,0,2.5811302090005483
HDBSCAN,jittered,400,5,2,0.0508,0.90305,0.14485345291733123,1.408077506419676,0.06037488538348571,0.1280297707326317,0,1.4148350830073468
HDBSCAN,jittered,400,10,2,0.05815,0.8967,0.14123389387331067,1.3785767327622618,0.062425433280761694,0.12483344414095095,0,1.4267227910168003
