init,seed,inertia,n_iter,seconds,ari_flat_type,gap_to_best_%
random,0,33591.87000311686,26,0.009329416992841288,0.21985276155239164,0.007888616358964207
random,1,33591.92479465346,25,0.00889925000956282,0.21999592674106772,0.008051738742098635
random,2,33590.82311544972,23,0.008790541003691033,0.213759079411469,0.004771879327059025
random,3,33591.010462969585,17,0.006974082993110642,0.21318895301035676,0.0053296401750779765
random,4,33590.420583701976,32,0.009712250001030043,0.21400389013919183,0.0035734836977274753
random,5,33589.435462113135,16,0.005876958020962775,0.21561723366297286,0.0006406332752506572
random,6,33589.91267644297,13,0.005294958013109863,0.215075714867926,0.002061369826678039
random,7,33591.87000311686,28,0.009253333002561703,0.21985276155239164,0.007888616358964207
random,8,33591.87000311686,34,0.009765916009200737,0.21985276155239164,0.007888616358964207
random,9,33591.80861191046,31,0.00867362500866875,0.2198895040040771,0.007705845797767452
random,10,33590.61415055497,21,0.007058041985146701,0.21395728035007844,0.004149760406102487
random,11,33592.34493892263,24,0.007312417001230642,0.2204111103689671,0.009302569412450445
random,12,33591.95786842072,32,0.008984832995338365,0.22001861494151206,0.008150204163426267
random,13,33592.34493892263,22,0.007449124997947365,0.2204111103689671,0.009302569412450445
random,14,33591.94675308133,17,0.007018250005785376,0.21999592674106772,0.008117112179428787
random,15,33589.68916740142,14,0.0067563340126071125,0.21564191748125217,0.0013959508627925388
random,16,33592.082890974954,28,0.008559916022932157,0.21318410627570755,0.008522414513034704
random,17,33591.880938913004,22,0.007624499994562939,0.21981061759506285,0.007921173816538563
random,18,33592.08289097495,24,0.008045416994718835,0.21318410627570755,0.0085224145130125
random,19,33591.864278030705,34,0.010255083005176857,0.21985276155239164,0.007871571943796063
k-means++,0,33592.20250629015,24,0.008392541989451274,0.21320024180454655,0.008878526724642732
k-means++,1,33591.87000311686,30,0.009190958022372797,0.21985276155239164,0.007888616358964207
k-means++,2,33591.81858832926,19,0.007368916005361825,0.21984735404747138,0.007735547049292357
k-means++,3,33590.628624473786,26,0.010390917013864964,0.21385264250747335,0.004192851370099504
k-means++,4,33591.184719110934,9,0.004860790999373421,0.2210465419578379,0.0058484260828883805
k-means++,5,33590.825763426765,10,0.005294166010571644,0.2209661041062245,0.004779762740314553
k-means++,6,33592.192836863615,21,0.008810749975964427,0.21316683129715572,0.008849739433802739
k-means++,7,33589.220278391134,13,0.0057927920133806765,0.21794885232245007,0.0
k-means++,8,33590.79764687957,10,0.005960417009191588,0.22100659591902366,0.004696055685005085
k-means++,9,33590.88082662843,38,0.011600750003708526,0.2136492890298791,0.004943693909931213
k-means++,10,33592.0885334491,20,0.007339083997067064,0.21318410627570755,0.008539212980229749
k-means++,11,33591.8841540161,24,0.009491999982856214,0.21313300030958968,0.007930745646644866
k-means++,12,33592.21307644606,21,0.00853625001036562,0.21320593197452306,0.008909995618000544
k-means++,13,33591.835365668565,18,0.006981666025239974,0.2199793873330258,0.007785495631495998
k-means++,14,33591.98624117127,19,0.007197917002486065,0.22019889015657934,0.008234673973395168
k-means++,15,33591.835365668565,18,0.007199124986073002,0.2199793873330258,0.007785495631495998
k-means++,16,33590.18509990904,20,0.007797291997121647,0.2141599905359698,0.002872414155219438
k-means++,17,33591.87000311686,21,0.00877924999804236,0.21985276155239164,0.007888616358964207
k-means++,18,33590.84607230396,10,0.005399874993599951,0.22099282820060817,0.004840225225088979
k-means++,19,33590.88082662843,24,0.007712374994298443,0.2136492890298791,0.004943693909931213
