method,n,seconds,n_clusters,noise_fraction,largest
DBSCAN,1000,0.0041383329953532,4.0,0.217,0.677
DBSCAN,2000,0.0111164590052794,3.0,0.154,0.792
DBSCAN,5000,0.0487509169906843,4.0,0.067,0.8702
DBSCAN,10000,0.1349850829865317,4.0,0.032,0.9513
DBSCAN,20000,0.420885041996371,2.0,0.0103,0.98945
DBSCAN,50000,1.9670789170195349,1.0,0.0036,0.9964
DBSCAN,100000,6.809397542005172,2.0,0.0012,0.99872
HDBSCAN,1000,0.0245041250018402,0.0,1.0,0.0
HDBSCAN,2000,0.0595354160177521,0.0,1.0,0.0
HDBSCAN,5000,0.2124345829943195,2.0,0.7878,0.148
HDBSCAN,10000,0.6231502500013448,2.0,0.7119,0.2024
HDBSCAN,20000,1.9615653340006247,2.0,0.3021,0.66995
HDBSCAN,50000,10.068061709025642,22.0,0.55182,0.12472
HDBSCAN,100000,37.45610958398902,33.0,0.50878,0.1138
HDBSCAN,234294,212.07847679199767,61.0,0.4478176991301527,0.1581346513355015
K-means (random),1000,0.0020887919818051,4.0,0.0,0.354
K-means (random),2000,0.0057611660158727,4.0,0.0,0.396
K-means (random),5000,0.0080552079889457,4.0,0.0,0.368
K-means (random),10000,0.0057346670073457,4.0,0.0,0.3592
K-means (random),20000,0.0100452920014504,4.0,0.0,0.363
K-means (random),50000,0.0170267919893376,4.0,0.0,0.36488
K-means (random),100000,0.0296475829964038,4.0,0.0,0.36589
K-means (random),234294,0.0579932499967981,4.0,0.0,0.3638121334733283
K-means++,1000,0.0016578329959884,4.0,0.0,0.306
K-means++,2000,0.00734370801365,4.0,0.0,0.3945
K-means++,5000,0.0033540409931447,4.0,0.0,0.3692
K-means++,10000,0.0070261660148389,4.0,0.0,0.3573
K-means++,20000,0.0097176249837502,4.0,0.0,0.36295
K-means++,50000,0.0182290000084321,4.0,0.0,0.3653
K-means++,100000,0.0273985839739907,4.0,0.0,0.36186
K-means++,234294,0.0483708340034354,4.0,0.0,0.3658309645146696
