method,n,repeat,seconds,n_clusters,noise_fraction,largest_cluster_fraction,estimated_neighbour_pairs,skipped
K-means (random),1000,0.0,0.029084416019031778,4.0,0.0,0.354,,
K-means (random),1000,1.0,0.002088791981805116,4.0,0.0,0.354,,
K-means (random),1000,2.0,0.0013755419931840152,4.0,0.0,0.354,,
K-means++,1000,0.0,0.0015511660021729767,4.0,0.0,0.306,,
K-means++,1000,1.0,0.0016578329959884286,4.0,0.0,0.306,,
K-means++,1000,2.0,0.0018436669779475778,4.0,0.0,0.306,,
DBSCAN,1000,0.0,0.004138332995353267,4.0,0.217,0.677,15786.0,
DBSCAN,1000,1.0,0.004151250002905726,4.0,0.217,0.677,15786.0,
DBSCAN,1000,2.0,0.004087707988219336,4.0,0.217,0.677,15786.0,
HDBSCAN,1000,0.0,0.02626600000075996,0.0,1.0,0.0,,
HDBSCAN,1000,1.0,0.024438915977953002,0.0,1.0,0.0,,
HDBSCAN,1000,2.0,0.024504125001840293,0.0,1.0,0.0,,
K-means (random),2000,0.0,0.006554042018251494,4.0,0.0,0.396,,
K-means (random),2000,1.0,0.005761166015872732,4.0,0.0,0.396,,
K-means (random),2000,2.0,0.0056903749937191606,4.0,0.0,0.396,,
K-means++,2000,0.0,0.00734370801365003,4.0,0.0,0.3945,,
K-means++,2000,1.0,0.007562250015325844,4.0,0.0,0.3945,,
K-means++,2000,2.0,0.006867958989460021,4.0,0.0,0.3945,,
DBSCAN,2000,0.0,0.011020124977221712,3.0,0.154,0.792,55520.0,
DBSCAN,2000,1.0,0.011136833025375381,3.0,0.154,0.792,55520.0,
DBSCAN,2000,2.0,0.011116459005279467,3.0,0.154,0.792,55520.0,
HDBSCAN,2000,0.0,0.06058966598357074,0.0,1.0,0.0,,
HDBSCAN,2000,1.0,0.05953541601775214,0.0,1.0,0.0,,
HDBSCAN,2000,2.0,0.058511334005743265,0.0,1.0,0.0,,
K-means (random),5000,0.0,0.007471125019947067,4.0,0.0,0.368,,
K-means (random),5000,1.0,0.008101707993773744,4.0,0.0,0.368,,
K-means (random),5000,2.0,0.008055207988945767,4.0,0.0,0.368,,
K-means++,5000,0.0,0.0033540409931447357,4.0,0.0,0.3692,,
K-means++,5000,1.0,0.0032795419974718243,4.0,0.0,0.3692,,
K-means++,5000,2.0,0.003864875005092472,4.0,0.0,0.3692,,
DBSCAN,5000,0.0,0.048750916990684345,4.0,0.067,0.8702,335200.00000000006,
DBSCAN,5000,1.0,0.045330833992920816,4.0,0.067,0.8702,335200.00000000006,
DBSCAN,5000,2.0,0.05733458301983774,4.0,0.067,0.8702,335200.00000000006,
HDBSCAN,5000,0.0,0.22164958299254067,2.0,0.7878,0.148,,
HDBSCAN,5000,1.0,0.2124345829943195,2.0,0.7878,0.148,,
HDBSCAN,5000,2.0,0.21088237498770468,2.0,0.7878,0.148,,
K-means (random),10000,0.0,0.005667332996381447,4.0,0.0,0.3592,,
K-means (random),10000,1.0,0.005964582989690825,4.0,0.0,0.3592,,
K-means (random),10000,2.0,0.005734667007345706,4.0,0.0,0.3592,,
K-means++,10000,0.0,0.007026166014838964,4.0,0.0,0.3573,,
K-means++,10000,1.0,0.00591599999461323,4.0,0.0,0.3573,,
K-means++,10000,2.0,0.007241499988595024,4.0,0.0,0.3573,,
DBSCAN,10000,0.0,0.13834920900990255,4.0,0.032,0.9513,1296735.0,
DBSCAN,10000,1.0,0.13335929199820384,4.0,0.032,0.9513,1296735.0,
DBSCAN,10000,2.0,0.13498508298653178,4.0,0.032,0.9513,1296735.0,
HDBSCAN,10000,0.0,0.6241456670104526,2.0,0.7119,0.2024,,
HDBSCAN,10000,1.0,0.6130591250257567,2.0,0.7119,0.2024,,
HDBSCAN,10000,2.0,0.6231502500013448,2.0,0.7119,0.2024,,
K-means (random),20000,0.0,0.009386042016558349,4.0,0.0,0.363,,
K-means (random),20000,1.0,0.010045292001450434,4.0,0.0,0.363,,
K-means (random),20000,2.0,0.010147665976546705,4.0,0.0,0.363,,
K-means++,20000,0.0,0.010060874978080392,4.0,0.0,0.36295,,
K-means++,20000,1.0,0.008951499999966472,4.0,0.0,0.36295,,
K-means++,20000,2.0,0.009717624983750284,4.0,0.0,0.36295,,
DBSCAN,20000,0.0,0.4339444169891067,2.0,0.0103,0.98945,5169510.0,
DBSCAN,20000,1.0,0.420885041996371,2.0,0.0103,0.98945,5169510.0,
DBSCAN,20000,2.0,0.41812429201672785,2.0,0.0103,0.98945,5169510.0,
HDBSCAN,20000,0.0,2.0544267910008784,2.0,0.3021,0.66995,,
HDBSCAN,20000,1.0,1.9612645000161137,2.0,0.3021,0.66995,,
HDBSCAN,20000,2.0,1.9615653340006247,2.0,0.3021,0.66995,,
K-means (random),50000,0.0,0.017026791989337653,4.0,0.0,0.36488,,
K-means++,50000,0.0,0.018229000008432195,4.0,0.0,0.3653,,
DBSCAN,50000,0.0,1.9670789170195349,1.0,0.0036,0.9964,33677100.0,
HDBSCAN,50000,0.0,10.068061709025642,22.0,0.55182,0.12472,,
K-means (random),100000,0.0,0.0296475829964038,4.0,0.0,0.36589,,
K-means++,100000,0.0,0.027398583973990753,4.0,0.0,0.36186,,
DBSCAN,100000,0.0,6.809397542005172,2.0,0.0012,0.99872,133008150.0,
HDBSCAN,100000,0.0,37.45610958398902,33.0,0.50878,0.1138,,
K-means (random),234294,0.0,0.05799324999679811,4.0,0.0,0.36381213347332836,,
K-means++,234294,0.0,0.04837083400343545,4.0,0.0,0.3658309645146696,,
DBSCAN,234294,,,,,,741656134.089,"estimated 741,656,134 neighbour pairs"
HDBSCAN,234294,0.0,212.07847679199767,61.0,0.44781769913015274,0.15813465133550156,,
