ablation,dataset,method,k,inertia_mean,inertia_std,inertia_min,inertia_cv_pct,iter_mean,iter_std,runtime_mean_s,ari_mean,ari_std,ari_min,ari_max,pairwise_ari_mean,variant,eps,min_samples,runtime_s,n_clusters,noise_frac,silhouette,davies_bouldin,calinski_harabasz,ari,nmi,dims,eps_knee,eps_best,viable_eps_frac,dbscan_ari,dbscan_noise,dbscan_clusters,kmeans_ari
init,Earthquakes,KMeans,3.0,608732904296.4093,67121895554.38742,519521210737.3519,11.026493734878485,9.633333333333333,4.1511711868124905,0.003534086685006817,,,,,0.6812734397517614,,,,,,,,,,,,,,,,,,,
init,Earthquakes,KMeans++,3.0,557352652364.8674,50626079169.520874,519520855452.03094,9.083311787377811,7.2,3.0044411571316663,0.004290296688365439,,,,,0.7976942626388063,,,,,,,,,,,,,,,,,,,
init,UberNYC,KMeans,5.0,77314.16055672044,3877.160752213357,76593.0715434943,5.014813229937268,22.666666666666668,8.993825042154695,0.004362633312121033,,,,,0.9613856240131731,,,,,,,,,,,,,,,,,,,
init,UberNYC,KMeans++,5.0,77320.09077755679,3909.660218540729,76593.09105486398,5.056460978283747,15.533333333333333,6.1899560221018985,0.004738683331136902,,,,,0.9789883384937333,,,,,,,,,,,,,,,,,,,
init,Ecoli,KMeans,7.0,844.9744242771748,70.67321011591592,580.0062224426487,8.363946657482874,17.7,9.34933152690608,0.002309983332330982,0.48545314523181576,0.09539002683953049,0.3723012132268434,0.7308473968969066,0.6449990940310389,,,,,,,,,,,,,,,,,,,
init,Ecoli,KMeans++,7.0,631.7314810119909,81.74087191284822,579.9438462529299,12.939179757498376,11.0,4.993328882953068,0.0023185433354228737,0.5605874742687971,0.10351114608226611,0.42421187345101785,0.7350610583059736,0.678312602896307,,,,,,,,,,,,,,,,,,,
metric,Earthquakes,,,,,,,,,,,,,,,haversine,123.27849470598646,32.0,0.17712060012854636,48.0,0.26358277806253205,0.26497483096692875,1.532212174589312,2011.7227421120754,,,,,,,,,,
metric,Earthquakes,,,,,,,,,,,,,,,euclidean_deg,1.1074244943045857,32.0,0.08846160001121461,48.0,0.29339654877840426,0.41074099677829606,0.4256178885353547,133796.8808934894,,,,,,,,,,
metric,Earthquakes,,,,,,,,,,,,,,,euclidean_km,123.27849470598646,32.0,0.08734540012665093,48.0,0.29288399111566715,0.4013826838196474,0.4263886908338718,134038.91311806138,,,,,,,,,,
metric,UberNYC,,,,,,,,,,,,,,,haversine,1.5760776468670477,4.0,0.7667153999209404,3.0,0.0030666666666666668,0.7619010033050925,0.24097873008107343,3450.6592107671945,,,,,,,,,,
metric,UberNYC,,,,,,,,,,,,,,,euclidean_deg,0.014158081628342147,4.0,0.4722003999631852,4.0,0.004666666666666667,0.1992181316336554,0.588172614526902,2451.1476884132967,,,,,,,,,,
metric,UberNYC,,,,,,,,,,,,,,,euclidean_km,1.5760776468670477,4.0,0.5923019999172539,3.0,0.0030666666666666668,0.7619010033050925,0.24097873008107343,3450.6592107671945,,,,,,,,,,
scaling,Ecoli,KMeans++,,,,,,,,,,,,,,raw,,,,7.0,0.0,0.25988101149084286,1.2789560735194587,157.38298259446762,0.49665991327435616,0.6341029479249561,,,,,,,,
scaling,Ecoli,DBSCAN,,,,,,,,,,,,,,raw,0.16425325563206133,,,2.0,0.15178571428571427,0.46860121675908806,0.8294098712828151,288.7899435492224,0.4811324159739688,0.48116088464148205,,,,,,,,
scaling,Ecoli,KMeans++,,,,,,,,,,,,,,standardised,,,,7.0,0.0,0.3542924441960294,0.8609716376580054,167.54908468584478,0.7310998894515813,0.6793872050753306,,,,,,,,
scaling,Ecoli,DBSCAN,,,,,,,,,,,,,,standardised,0.8265868958891138,,,3.0,0.23511904761904762,0.3633352390117893,0.8548856831347916,126.94611042147098,0.455013099562257,0.4595025666769155,,,,,,,,
dimensionality,Ecoli,,,,,,,,,,,,,,,2D,,,,,,,,,,,2.0,0.5774697721720067,0.29669998639182416,0.125,0.5753053961153327,0.19047619047619047,3.0,0.46771351246967224
dimensionality,Ecoli,,,,,,,,,,,,,,,3D,,,,,,,,,,,3.0,0.718116745202758,0.36896343115589986,0.675,0.6183394760369607,0.15178571428571427,4.0,0.4661967889007318
dimensionality,Ecoli,,,,,,,,,,,,,,,4D,,,,,,,,,,,4.0,1.2455806451431524,0.5368882091134278,0.575,0.4533623991458368,0.2916666666666667,4.0,0.5119946014890562
dimensionality,Ecoli,,,,,,,,,,,,,,,5D,,,,,,,,,,,5.0,1.652275274357246,0.5754475955520064,0.675,0.39902812695204637,0.2648809523809524,3.0,0.5195964965623427
dimensionality,Ecoli,,,,,,,,,,,,,,,7D,,,,,,,,,,,7.0,1.6087932873009596,0.8265868958891138,0.65,0.455013099562257,0.23511904761904762,3.0,0.7310998894515813
