dataset,method,k,seed,inertia,n_iter,ari
Earthquakes,KMeans,3,0,584707833146.5884,15,
Earthquakes,KMeans,3,1,679432706435.4556,5,
Earthquakes,KMeans,3,2,680426442363.3628,10,
Earthquakes,KMeans,3,3,679426832644.1929,5,
Earthquakes,KMeans,3,4,584706643417.8737,13,
Earthquakes,KMeans,3,5,584706643417.8737,17,
Earthquakes,KMeans,3,6,680454048825.4701,11,
Earthquakes,KMeans,3,7,519611726886.53735,5,
Earthquakes,KMeans,3,8,680454706677.5724,11,
Earthquakes,KMeans,3,9,519637215235.0752,6,
Earthquakes,KMeans,3,10,519521210737.3519,7,
Earthquakes,KMeans,3,11,680494087120.0399,8,
Earthquakes,KMeans,3,12,519647285900.275,6,
Earthquakes,KMeans,3,13,584706643417.8737,6,
Earthquakes,KMeans,3,14,679416128206.9794,8,
Earthquakes,KMeans,3,15,680450245808.6261,8,
Earthquakes,KMeans,3,16,584706643417.8737,13,
Earthquakes,KMeans,3,17,584707442690.8757,8,
Earthquakes,KMeans,3,18,680418493146.235,17,
Earthquakes,KMeans,3,19,584706643417.8737,16,
Earthquakes,KMeans,3,20,519647285900.275,5,
Earthquakes,KMeans,3,21,519524375488.20044,8,
Earthquakes,KMeans,3,22,680491531837.4117,9,
Earthquakes,KMeans,3,23,584707442690.8756,18,
Earthquakes,KMeans,3,24,519640775150.4237,5,
Earthquakes,KMeans,3,25,680386813409.3723,10,
Earthquakes,KMeans,3,26,584706643417.8737,17,
Earthquakes,KMeans,3,27,680481943985.2251,9,
Earthquakes,KMeans,3,28,680413408198.341,7,
Earthquakes,KMeans,3,29,519647285900.275,6,
Earthquakes,KMeans++,3,0,680426442363.3628,10,
Earthquakes,KMeans++,3,1,519625990445.45447,5,
Earthquakes,KMeans++,3,2,584706643417.8737,12,
Earthquakes,KMeans++,3,3,519643712227.8425,4,
Earthquakes,KMeans++,3,4,584706643417.8737,14,
Earthquakes,KMeans++,3,5,519613277903.1665,6,
Earthquakes,KMeans++,3,6,519637215235.0752,5,
Earthquakes,KMeans++,3,7,584706643417.8737,8,
Earthquakes,KMeans++,3,8,519520855452.03094,4,
Earthquakes,KMeans++,3,9,519523342767.953,10,
Earthquakes,KMeans++,3,10,584707021380.4152,7,
Earthquakes,KMeans++,3,11,519635113947.8689,5,
Earthquakes,KMeans++,3,12,519623960752.46185,6,
Earthquakes,KMeans++,3,13,584707833146.5883,6,
Earthquakes,KMeans++,3,14,519631495996.0449,6,
Earthquakes,KMeans++,3,15,519619391140.3373,5,
Earthquakes,KMeans++,3,16,584706643417.8737,13,
Earthquakes,KMeans++,3,17,519523061258.90564,7,
Earthquakes,KMeans++,3,18,584706643417.8737,11,
Earthquakes,KMeans++,3,19,584706643417.8737,7,
Earthquakes,KMeans++,3,20,519641275871.78375,4,
Earthquakes,KMeans++,3,21,519624831661.6129,5,
Earthquakes,KMeans++,3,22,519635113947.86896,4,
Earthquakes,KMeans++,3,23,680384699326.0092,11,
Earthquakes,KMeans++,3,24,584708377094.1552,12,
Earthquakes,KMeans++,3,25,584706643417.8737,8,
Earthquakes,KMeans++,3,26,679418019263.1373,8,
Earthquakes,KMeans++,3,27,519629792604.3586,3,
Earthquakes,KMeans++,3,28,519626996239.5028,5,
Earthquakes,KMeans++,3,29,519525246994.97235,5,
UberNYC,KMeans,5,0,76594.8526751701,27,
UberNYC,KMeans,5,1,76593.15959321278,15,
UberNYC,KMeans,5,2,76593.94442942952,35,
UberNYC,KMeans,5,3,76593.0715434943,15,
UberNYC,KMeans,5,4,76595.5008381749,6,
UberNYC,KMeans,5,5,76593.091054864,25,
UberNYC,KMeans,5,6,76593.091054864,24,
UberNYC,KMeans,5,7,76594.64100751306,23,
UberNYC,KMeans,5,8,76593.93322538155,41,
UberNYC,KMeans,5,9,98193.30990189526,20,
UberNYC,KMeans,5,10,76593.91236690301,14,
UberNYC,KMeans,5,11,76594.12944023489,29,
UberNYC,KMeans,5,12,76594.70179901122,26,
UberNYC,KMeans,5,13,76593.95957914136,34,
UberNYC,KMeans,5,14,76594.9098652271,19,
UberNYC,KMeans,5,15,76594.57418076039,14,
UberNYC,KMeans,5,16,76593.93322538155,29,
UberNYC,KMeans,5,17,76593.94442942952,22,
UberNYC,KMeans,5,18,76594.8526751701,24,
UberNYC,KMeans,5,19,76594.639462603,11,
UberNYC,KMeans,5,20,76594.12944023489,20,
UberNYC,KMeans,5,21,76593.07944496661,19,
UberNYC,KMeans,5,22,76595.39916268898,13,
UberNYC,KMeans,5,23,76594.02294178306,39,
UberNYC,KMeans,5,24,76593.94442942952,38,
UberNYC,KMeans,5,25,76594.12488332432,16,
UberNYC,KMeans,5,26,76594.7017990112,20,
UberNYC,KMeans,5,27,76594.02294178304,35,
UberNYC,KMeans,5,28,76594.6321270318,14,
UberNYC,KMeans,5,29,76594.6071834982,13,
UberNYC,KMeans++,5,0,76593.91236690301,11,
UberNYC,KMeans++,5,1,76594.61068331337,16,
UberNYC,KMeans++,5,2,76594.8526751701,19,
UberNYC,KMeans++,5,3,76593.91236690301,13,
UberNYC,KMeans++,5,4,76598.27972454307,9,
UberNYC,KMeans++,5,5,76593.91236690301,11,
UberNYC,KMeans++,5,6,76594.8526751701,20,
UberNYC,KMeans++,5,7,76593.9064717672,9,
UberNYC,KMeans++,5,8,76593.93322538155,29,
UberNYC,KMeans++,5,9,76593.1642601883,11,
UberNYC,KMeans++,5,10,76593.091054864,13,
UberNYC,KMeans++,5,11,76594.0192455243,12,
UberNYC,KMeans++,5,12,76594.64100751306,17,
UberNYC,KMeans++,5,13,76593.27613865554,11,
UberNYC,KMeans++,5,14,76594.12944023489,28,
UberNYC,KMeans++,5,15,76594.64100751307,20,
UberNYC,KMeans++,5,16,76593.091054864,23,
UberNYC,KMeans++,5,17,76593.91236690301,12,
UberNYC,KMeans++,5,18,76594.61068331338,20,
UberNYC,KMeans++,5,19,98374.25476002408,27,
UberNYC,KMeans++,5,20,76593.09105486398,21,
UberNYC,KMeans++,5,21,76593.9000413613,7,
UberNYC,KMeans++,5,22,76594.8526751701,20,
UberNYC,KMeans++,5,23,76593.91236690301,15,
UberNYC,KMeans++,5,24,76593.32707641095,9,
UberNYC,KMeans++,5,25,76593.93322538155,10,
UberNYC,KMeans++,5,26,76593.9064717672,10,
UberNYC,KMeans++,5,27,76594.42699303506,9,
UberNYC,KMeans++,5,28,76593.27879129388,11,
UberNYC,KMeans++,5,29,76593.091054864,23,
Ecoli,KMeans,7,0,891.0989867521888,15,0.39790809469705696
Ecoli,KMeans,7,1,857.0281229580585,19,0.44817508454185523
Ecoli,KMeans,7,2,893.137299194763,14,0.3821414253823492
Ecoli,KMeans,7,3,831.0283595208373,14,0.500230370771636
Ecoli,KMeans,7,4,831.9910797204186,10,0.49580041838728617
Ecoli,KMeans,7,5,903.5553604729278,10,0.47418395831968385
Ecoli,KMeans,7,6,888.9773429984814,24,0.40171763224103324
Ecoli,KMeans,7,7,863.5803433516202,11,0.7224432232293083
Ecoli,KMeans,7,8,841.4537937221083,9,0.5176107315218134
Ecoli,KMeans,7,9,889.3425540207226,17,0.39540059150003637
Ecoli,KMeans,7,10,873.1171006445676,14,0.4436399823850758
Ecoli,KMeans,7,11,832.4936648739757,40,0.49506141286951255
Ecoli,KMeans,7,12,832.8238245047576,31,0.48809122694489243
Ecoli,KMeans,7,13,580.0062224426487,8,0.7308473968969066
Ecoli,KMeans,7,14,856.7904043857411,14,0.47827064690709226
Ecoli,KMeans,7,15,887.7251062711488,27,0.4027279769048111
Ecoli,KMeans,7,16,616.7028027089391,15,0.4920575837010913
Ecoli,KMeans,7,17,832.3279288384131,13,0.5231188376939201
Ecoli,KMeans,7,18,836.3555544646168,14,0.5854938273703167
Ecoli,KMeans,7,19,831.7073945972512,40,0.4956737865111082
Ecoli,KMeans,7,20,878.5365434852857,9,0.48363994116930503
Ecoli,KMeans,7,21,830.7170091442554,8,0.4995210363876691
Ecoli,KMeans,7,22,885.9518216522694,28,0.3723012132268434
Ecoli,KMeans,7,23,886.7948964383883,35,0.4119772403251714
Ecoli,KMeans,7,24,830.9639897266726,9,0.5085790496117232
Ecoli,KMeans,7,25,889.3450230688079,29,0.3995252944357137
Ecoli,KMeans,7,26,889.3450230688079,17,0.3995252944357137
Ecoli,KMeans,7,27,832.6310376196907,13,0.5066195385877917
Ecoli,KMeans,7,28,889.603988296653,15,0.3884243927073469
Ecoli,KMeans,7,29,864.1001493702272,9,0.7228871472904086
Ecoli,KMeans++,7,0,579.9438462529299,5,0.7266032908048964
Ecoli,KMeans++,7,1,597.7231101217894,16,0.5239309807622298
Ecoli,KMeans++,7,2,617.9365044310053,8,0.4800336914302136
Ecoli,KMeans++,7,3,616.8052368145385,7,0.5032822846997691
Ecoli,KMeans++,7,4,616.5251564023156,13,0.4711674136082278
Ecoli,KMeans++,7,5,617.9023768481521,21,0.4900769741369982
Ecoli,KMeans++,7,6,617.4331165445282,7,0.5117930813261302
Ecoli,KMeans++,7,7,596.5160136758303,7,0.5641324190618525
Ecoli,KMeans++,7,8,580.0129960453071,9,0.732575135786389
Ecoli,KMeans++,7,9,579.9635868769689,12,0.7283476707582083
Ecoli,KMeans++,7,10,580.0286136800607,7,0.730974974014856
Ecoli,KMeans++,7,11,616.5251564023156,18,0.4711674136082278
Ecoli,KMeans++,7,12,616.8916099065693,9,0.4867450611217629
Ecoli,KMeans++,7,13,873.405449673134,9,0.42421187345101785
Ecoli,KMeans++,7,14,580.0129960453071,6,0.732575135786389
Ecoli,KMeans++,7,15,617.3008246679167,8,0.4936414749602761
Ecoli,KMeans++,7,16,617.9943956014308,7,0.5432869817045078
Ecoli,KMeans++,7,17,617.9023768481521,18,0.4900769741369982
Ecoli,KMeans++,7,18,600.2699077181178,14,0.5100702910213846
Ecoli,KMeans++,7,19,580.0556316109867,9,0.7350610583059736
Ecoli,KMeans++,7,20,616.7181614812145,18,0.48507335360116643
Ecoli,KMeans++,7,21,604.5208646084698,9,0.5085082582348047
Ecoli,KMeans++,7,22,598.7412399223876,17,0.5188462356822579
Ecoli,KMeans++,7,23,580.0997077357749,23,0.7274620972126853
Ecoli,KMeans++,7,24,598.2358012073289,12,0.5295599272198865
Ecoli,KMeans++,7,25,617.06331304681,9,0.48058347571514703
Ecoli,KMeans++,7,26,617.9226838182814,5,0.5198800974198132
Ecoli,KMeans++,7,27,901.5519058949968,9,0.47172949854840207
Ecoli,KMeans++,7,28,832.9575630581799,14,0.5241418934807596
Ecoli,KMeans++,7,29,662.9842834189241,4,0.7020852104626844
