dataset,method,choice,params,runtime_s,n_clusters,noise_frac,silhouette,davies_bouldin,ari,nmi
UberNYC,KMeans,rule,"{""k"": 2}",0.0491988998837769,2,0.0,0.691832183175861,0.841147737561528,,
UberNYC,KMeans++,rule,"{""k"": 2}",0.026497600134462118,2,0.0,0.7408291639161108,0.4805160463378352,,
UberNYC,DBSCAN,rule,"{""eps"": 1.576078, ""min_samples"": 32}",0.5164824998937547,2,0.019,0.7794312353775911,0.1716968729422583,,
UberNYC,HDBSCAN,rule,"{""min_cluster_size"": 250}",1.1306461000349373,3,0.0483333333333333,0.6414058553438344,0.2664047761303484,,
Ecoli,KMeans,rule,"{""k"": 5}",0.02102260012179613,5,0.0,0.40753168074906754,0.7431163488392352,0.6842365720599033,0.6518860564738288
Ecoli,KMeans++,rule,"{""k"": 5}",0.01663410011678934,5,0.0,0.40532238028856343,0.746618653764512,0.6971269966289185,0.6663301262437464
Ecoli,DBSCAN,rule,"{""eps"": 2.091431, ""min_samples"": 5}",0.0018460999708622,2,0.0178571428571428,0.5599761686467482,0.5039117617888987,0.0391045045673803,0.1351172269229171
Ecoli,DBSCAN,best_ari,"{""eps"": 0.965276, ""min_samples"": 8}",0.001553599955514,2,0.2113095238095238,0.4343902248310196,0.9082803556623288,0.4887145224150329,0.4880737159596588
Ecoli,HDBSCAN,rule,"{""min_cluster_size"": 5}",0.002325200010091,2,0.0029761904761904,0.5593408551420052,0.6374892782056562,0.0380544118776819,0.118319107815951
Ecoli,HDBSCAN,best_ari,"{""min_cluster_size"": 12}",0.0023143999278545,2,0.3720238095238095,0.4827482370817756,0.7894353382394429,0.3389361671772482,0.3763418425871164
