dataset,highlight,method,params,n_points,fit_seconds,n_clusters_found,noise_points,silhouette,davies_bouldin,adjusted_rand_index,noise_fraction,tuning_valid,label_free_choice
digits,K-Means,K-Means,n_clusters=10,1797,0.07009930000640452,10,0,0.18238453546718567,1.9207872165356463,0.6669121092859385,0.0,True,n_clusters=9
digits,K-Means,DBSCAN,"eps=24.999, min_samples=40",1797,0.013681399985216558,8,797,0.2789593796417355,1.4709846411098444,0.3058301408027134,0.44351697273233165,True,
digits,K-Means,HDBSCAN,"min_cluster_size=50, min_samples=10",1797,0.4130503000342287,6,606,0.1942481676258178,1.761986074259629,0.2950366759477213,0.337228714524207,True,
digits,K-Means,GMM,"n_components=10, covariance_type=diag",1797,0.23686570004792884,10,0,0.10226525135336377,2.6259171435881035,0.39669039583234705,0.0,True,"n_components=9, covariance_type=diag"
make_moons,DBSCAN,K-Means,n_clusters=2,1000,0.03165740001713857,2,0,0.4950107158130504,0.8118556172682326,0.4811166491867085,0.0,True,n_clusters=10
make_moons,DBSCAN,DBSCAN,"eps=0.123, min_samples=8",1000,0.005676800035871565,2,43,0.3950866711678351,1.0050147762901143,0.9164336389158145,0.043,True,
make_moons,DBSCAN,HDBSCAN,"min_cluster_size=50, min_samples=None",1000,0.01777050003875047,2,27,0.4092690962149987,0.9692066742463246,0.9466758568832634,0.027,True,
make_moons,DBSCAN,GMM,"n_components=2, covariance_type=tied",1000,0.021564000053331256,2,0,0.495160445879275,0.8118598028305192,0.5007642645290581,0.0,True,"n_components=9, covariance_type=full"
varied_density,HDBSCAN,K-Means,n_clusters=3,1320,0.04388610000023618,3,0,0.7268430319948881,0.6679451418543533,0.5151947949331869,0.0,True,n_clusters=2
varied_density,HDBSCAN,DBSCAN,"eps=0.239, min_samples=8",1320,0.014005800010636449,3,117,0.7755618571732493,0.2560258439382442,0.9517446401611823,0.08863636363636364,True,
varied_density,HDBSCAN,HDBSCAN,"min_cluster_size=15, min_samples=None",1320,0.02136309997877106,3,92,0.763774732346542,0.26669819501142333,0.9534669388570406,0.0696969696969697,True,
varied_density,HDBSCAN,GMM,"n_components=3, covariance_type=spherical",1320,0.03374499996425584,3,0,0.6568494580344381,0.44337810418435125,0.8714079486668881,0.0,True,"n_components=4, covariance_type=spherical"
breast_cancer,GMM,K-Means,n_clusters=2,569,0.030152499966789037,2,0,0.34338224069077805,1.3205098372342037,0.6536246043910179,0.0,True,n_clusters=2
breast_cancer,GMM,DBSCAN,"eps=2.325, min_samples=10",569,0.004810400016140193,2,316,0.35635801713138987,0.8532346496329801,0.2217004936719524,0.5553602811950791,False,
breast_cancer,GMM,HDBSCAN,"min_cluster_size=5, min_samples=None",569,0.0234372999984771,2,337,0.36412652385403504,0.8437432067528536,0.15598711616690192,0.5922671353251318,False,
breast_cancer,GMM,GMM,"n_components=2, covariance_type=full",569,0.04556070000398904,2,0,0.31448870991364997,1.3770335909735467,0.7740159832538671,0.0,True,"n_components=2, covariance_type=full"
