dataset,method,n_clusters,score,eps,min_samples,noise_fraction,min_cluster_size,n_components,covariance_type
digits,K-Means,2.0,0.11832841100655983,,,,,,
digits,K-Means,3.0,0.12649498093440542,,,,,,
digits,K-Means,4.0,0.12801530390921514,,,,,,
digits,K-Means,5.0,0.13620788898519476,,,,,,
digits,K-Means,6.0,0.15068784458382417,,,,,,
digits,K-Means,7.0,0.16402593291003514,,,,,,
digits,K-Means,8.0,0.17870872376692565,,,,,,
digits,K-Means,9.0,0.18907319169758213,,,,,,
digits,K-Means,10.0,0.18238453546718567,,,,,,
digits,DBSCAN,1.0,,13.601470508735444,10.0,0.9833055091819699,,,
digits,DBSCAN,12.0,,20.402205763103165,10.0,0.41903171953255425,,,
digits,DBSCAN,1.0,,27.202941017470888,10.0,0.021702838063439065,,,
digits,DBSCAN,1.0,,15.572411502397436,20.0,0.9827490261547023,,,
digits,DBSCAN,11.0,,23.358617253596154,20.0,0.3311074012242627,,,
digits,DBSCAN,1.0,,31.144823004794873,20.0,0.005008347245409015,,,
digits,DBSCAN,0.0,,16.665833312498957,40.0,1.0,,,
digits,DBSCAN,8.0,0.11734128369608895,24.998749968748434,40.0,0.44351697273233165,,,
digits,DBSCAN,1.0,,33.331666624997915,40.0,0.004451864218141347,,,
digits,DBSCAN,0.0,,19.03286631067428,80.0,1.0,,,
digits,DBSCAN,3.0,-0.04370329889631773,28.54929946601142,80.0,0.46855870895937674,,,
digits,DBSCAN,1.0,,38.06573262134856,80.0,0.0,,,
digits,HDBSCAN,20.0,,,,0.27824151363383415,5.0,,
digits,HDBSCAN,20.0,,,5.0,0.27824151363383415,5.0,,
digits,HDBSCAN,15.0,,,10.0,0.44518642181413465,5.0,,
digits,HDBSCAN,12.0,,,,0.452977184195882,10.0,,
digits,HDBSCAN,15.0,,,5.0,0.27267668336115747,10.0,,
digits,HDBSCAN,12.0,,,10.0,0.452977184195882,10.0,,
digits,HDBSCAN,11.0,,,,0.5030606566499721,15.0,,
digits,HDBSCAN,13.0,,,5.0,0.2865887590428492,15.0,,
digits,HDBSCAN,11.0,,,10.0,0.44574290484140233,15.0,,
digits,HDBSCAN,8.0,,,,0.5075125208681135,20.0,,
digits,HDBSCAN,13.0,,,5.0,0.2865887590428492,20.0,,
digits,HDBSCAN,10.0,0.15079782530358882,,10.0,0.45631608235948806,20.0,,
digits,HDBSCAN,7.0,,,,0.568725653867557,30.0,,
digits,HDBSCAN,10.0,0.14327340258358914,,5.0,0.3077351140790206,30.0,,
digits,HDBSCAN,8.0,0.14337941204558102,,10.0,0.46410684474123537,30.0,,
digits,HDBSCAN,2.0,,,,0.5475792988313857,50.0,,
digits,HDBSCAN,9.0,0.1377191994159743,,5.0,0.2826933778519755,50.0,,
digits,HDBSCAN,6.0,0.15682867844571238,,10.0,0.337228714524207,50.0,,
digits,HDBSCAN,0.0,,,,1.0,100.0,,
digits,HDBSCAN,7.0,0.14479856195688415,,5.0,0.2498608792431831,100.0,,
digits,HDBSCAN,6.0,0.15682867844571238,,10.0,0.337228714524207,100.0,,
digits,GMM,,-183528.62849320399,,,,,2.0,full
digits,GMM,,-142410.91915194358,,,,,3.0,full
digits,GMM,,-161814.04742171816,,,,,4.0,full
digits,GMM,,-152550.57162029267,,,,,5.0,full
digits,GMM,,-188970.25046246755,,,,,6.0,full
digits,GMM,,-186925.45562118068,,,,,7.0,full
digits,GMM,,-182006.2236577266,,,,,8.0,full
digits,GMM,,-172549.9342756275,,,,,9.0,full
digits,GMM,,-207227.71333671885,,,,,10.0,full
digits,GMM,,-365680.74375765433,,,,,2.0,tied
digits,GMM,,-364354.1466242116,,,,,3.0,tied
digits,GMM,,-363942.8683038772,,,,,4.0,tied
digits,GMM,,-362697.18263918895,,,,,5.0,tied
digits,GMM,,-361098.05466637755,,,,,6.0,tied
digits,GMM,,-360530.2731628485,,,,,7.0,tied
digits,GMM,,-359114.9496479894,,,,,8.0,tied
digits,GMM,,-358316.14731641684,,,,,9.0,tied
digits,GMM,,-356301.46482353244,,,,,10.0,tied
digits,GMM,,-230924.07777569524,,,,,2.0,diag
digits,GMM,,-173125.6882341707,,,,,3.0,diag
digits,GMM,,-152735.0533860554,,,,,4.0,diag
digits,GMM,,-157701.57281498323,,,,,5.0,diag
digits,GMM,,-129922.78396476846,,,,,6.0,diag
digits,GMM,,-125004.02734769882,,,,,7.0,diag
digits,GMM,,-97028.16424528485,,,,,8.0,diag
digits,GMM,,-79683.26938961529,,,,,9.0,diag
digits,GMM,,-82548.01292354245,,,,,10.0,diag
digits,GMM,,-652428.2222038703,,,,,2.0,spherical
digits,GMM,,-642704.8724962393,,,,,3.0,spherical
digits,GMM,,-635585.1042428608,,,,,4.0,spherical
digits,GMM,,-626011.7500063737,,,,,5.0,spherical
digits,GMM,,-619389.9106948816,,,,,6.0,spherical
digits,GMM,,-614935.5836877347,,,,,7.0,spherical
digits,GMM,,-610396.4037672861,,,,,8.0,spherical
digits,GMM,,-606036.1645980639,,,,,9.0,spherical
digits,GMM,,-603366.5105774342,,,,,10.0,spherical
make_moons,K-Means,2.0,0.4950107158130504,,,,,,
make_moons,K-Means,3.0,0.44744075239872394,,,,,,
make_moons,K-Means,4.0,0.4344858211930449,,,,,,
make_moons,K-Means,5.0,0.46450590457241847,,,,,,
make_moons,K-Means,6.0,0.4883692372722435,,,,,,
make_moons,K-Means,7.0,0.48805532713781685,,,,,,
make_moons,K-Means,8.0,0.48856798111305044,,,,,,
make_moons,K-Means,9.0,0.49337183448941624,,,,,,
make_moons,K-Means,10.0,0.49593888466672115,,,,,,
make_moons,DBSCAN,101.0,,0.03810031270212575,3.0,0.504,,,
make_moons,DBSCAN,65.0,,0.05715046905318863,3.0,0.218,,,
make_moons,DBSCAN,26.0,,0.0762006254042515,3.0,0.075,,,
make_moons,DBSCAN,8.0,-0.3467242088791925,0.09525078175531437,3.0,0.037,,,
make_moons,DBSCAN,2.0,0.4649466683626665,0.11430093810637726,3.0,0.021,,,
make_moons,DBSCAN,2.0,0.47030991155677637,0.152401250808503,3.0,0.007,,,
make_moons,DBSCAN,2.0,0.47196143877147323,0.22860187621275452,3.0,0.0,,,
make_moons,DBSCAN,2.0,0.47196143877147323,0.304802501617006,3.0,0.0,,,
make_moons,DBSCAN,72.0,,0.048632210172059126,4.0,0.471,,,
make_moons,DBSCAN,23.0,,0.07294831525808869,4.0,0.136,,,
make_moons,DBSCAN,4.0,-0.3380988377417222,0.09726442034411825,4.0,0.05,,,
make_moons,DBSCAN,2.0,0.46618865347763805,0.12158052543014781,4.0,0.022,,,
make_moons,DBSCAN,2.0,0.4696773853869991,0.14589663051617738,4.0,0.012,,,
make_moons,DBSCAN,2.0,0.47172697946093217,0.1945288406882365,4.0,0.002,,,
make_moons,DBSCAN,2.0,0.47196143877147323,0.29179326103235476,4.0,0.0,,,
make_moons,DBSCAN,2.0,0.47196143877147323,0.389057681376473,4.0,0.0,,,
make_moons,DBSCAN,22.0,,0.06144911159084863,8.0,0.766,,,
make_moons,DBSCAN,16.0,,0.09217366738627294,8.0,0.185,,,
make_moons,DBSCAN,2.0,0.5124936699901428,0.12289822318169726,8.0,0.043,,,
make_moons,DBSCAN,2.0,0.4682770533327332,0.15362277897712157,8.0,0.012,,,
make_moons,DBSCAN,2.0,0.4712880403759491,0.1843473347725459,8.0,0.004,,,
make_moons,DBSCAN,2.0,0.47196143877147323,0.2457964463633945,8.0,0.0,,,
make_moons,DBSCAN,2.0,0.47196143877147323,0.3686946695450918,8.0,0.0,,,
make_moons,DBSCAN,1.0,,0.491592892726789,8.0,0.0,,,
make_moons,DBSCAN,2.0,,0.0892143539669795,16.0,0.965,,,
make_moons,DBSCAN,10.0,-0.26879354983104364,0.13382153095046925,16.0,0.121,,,
make_moons,DBSCAN,2.0,0.4658824495891779,0.178428707933959,16.0,0.014,,,
make_moons,DBSCAN,2.0,0.47164096900894625,0.22303588491744877,16.0,0.001,,,
make_moons,DBSCAN,2.0,0.47196143877147323,0.2676430619009385,16.0,0.0,,,
make_moons,DBSCAN,2.0,0.47196143877147323,0.356857415867918,16.0,0.0,,,
make_moons,DBSCAN,1.0,,0.535286123801877,16.0,0.0,,,
make_moons,HDBSCAN,2.0,0.47196143877147323,,,0.0,5.0,,
make_moons,HDBSCAN,2.0,0.47196143877147323,,5.0,0.0,5.0,,
make_moons,HDBSCAN,2.0,0.47196143877147323,,10.0,0.0,5.0,,
make_moons,HDBSCAN,2.0,0.47196143877147323,,,0.0,10.0,,
make_moons,HDBSCAN,2.0,0.47196143877147323,,5.0,0.0,10.0,,
make_moons,HDBSCAN,2.0,0.47196143877147323,,10.0,0.0,10.0,,
make_moons,HDBSCAN,2.0,0.47196143877147323,,,0.0,15.0,,
make_moons,HDBSCAN,2.0,0.47196143877147323,,5.0,0.0,15.0,,
make_moons,HDBSCAN,2.0,0.47196143877147323,,10.0,0.0,15.0,,
make_moons,HDBSCAN,2.0,0.47177468143217155,,,0.0,20.0,,
make_moons,HDBSCAN,2.0,0.47196143877147323,,5.0,0.0,20.0,,
make_moons,HDBSCAN,2.0,0.47196143877147323,,10.0,0.0,20.0,,
make_moons,HDBSCAN,2.0,0.4715389119527641,,,0.002,30.0,,
make_moons,HDBSCAN,2.0,0.47196143877147323,,5.0,0.0,30.0,,
make_moons,HDBSCAN,2.0,0.47196143877147323,,10.0,0.0,30.0,,
make_moons,HDBSCAN,2.0,0.49947276854609646,,,0.027,50.0,,
make_moons,HDBSCAN,2.0,0.47196143877147323,,5.0,0.0,50.0,,
make_moons,HDBSCAN,2.0,0.47196143877147323,,10.0,0.0,50.0,,
make_moons,HDBSCAN,2.0,0.4650571340324928,,,0.156,100.0,,
make_moons,HDBSCAN,2.0,0.47196143877147323,,5.0,0.0,100.0,,
make_moons,HDBSCAN,2.0,0.47196143877147323,,10.0,0.0,100.0,,
make_moons,GMM,,-5191.598696117516,,,,,2.0,full
make_moons,GMM,,-4705.394495903066,,,,,3.0,full
make_moons,GMM,,-4180.391407023217,,,,,4.0,full
make_moons,GMM,,-4095.0648013972045,,,,,5.0,full
make_moons,GMM,,-3548.4565157930488,,,,,6.0,full
make_moons,GMM,,-3418.443517420784,,,,,7.0,full
make_moons,GMM,,-3360.253514056995,,,,,8.0,full
make_moons,GMM,,-3325.4141970437922,,,,,9.0,full
make_moons,GMM,,-3353.5637880995478,,,,,10.0,full
make_moons,GMM,,-5171.01519155458,,,,,2.0,tied
make_moons,GMM,,-5183.044379924894,,,,,3.0,tied
make_moons,GMM,,-4930.876974626786,,,,,4.0,tied
make_moons,GMM,,-4921.82640661556,,,,,5.0,tied
make_moons,GMM,,-4774.225282829007,,,,,6.0,tied
make_moons,GMM,,-4662.951517760747,,,,,7.0,tied
make_moons,GMM,,-4423.501119423132,,,,,8.0,tied
make_moons,GMM,,-4294.054431577953,,,,,9.0,tied
make_moons,GMM,,-4144.192993909722,,,,,10.0,tied
make_moons,GMM,,-5253.540549462558,,,,,2.0,diag
make_moons,GMM,,-4851.630711896804,,,,,3.0,diag
make_moons,GMM,,-4849.975372896741,,,,,4.0,diag
make_moons,GMM,,-4357.6970654607285,,,,,5.0,diag
make_moons,GMM,,-4056.6718197438618,,,,,6.0,diag
make_moons,GMM,,-3955.6011687984774,,,,,7.0,diag
make_moons,GMM,,-3864.483837694193,,,,,8.0,diag
make_moons,GMM,,-3767.612057344135,,,,,9.0,diag
make_moons,GMM,,-3648.8918919723023,,,,,10.0,diag
make_moons,GMM,,-5244.317288805487,,,,,2.0,spherical
make_moons,GMM,,-5113.182898817594,,,,,3.0,spherical
make_moons,GMM,,-5085.681499787813,,,,,4.0,spherical
make_moons,GMM,,-4890.712223443564,,,,,5.0,spherical
make_moons,GMM,,-4852.39348758962,,,,,6.0,spherical
make_moons,GMM,,-4727.698032472872,,,,,7.0,spherical
make_moons,GMM,,-4571.4508665166895,,,,,8.0,spherical
make_moons,GMM,,-4468.241884409827,,,,,9.0,spherical
make_moons,GMM,,-4314.155594280601,,,,,10.0,spherical
varied_density,K-Means,2.0,0.730844001817834,,,,,,
varied_density,K-Means,3.0,0.7268430319948881,,,,,,
varied_density,K-Means,4.0,0.6665819272305678,,,,,,
varied_density,K-Means,5.0,0.6955724090017111,,,,,,
varied_density,K-Means,6.0,0.6132803144322547,,,,,,
varied_density,K-Means,7.0,0.6138203198289169,,,,,,
varied_density,K-Means,8.0,0.6173403053849379,,,,,,
varied_density,K-Means,9.0,0.6129055944553199,,,,,,
varied_density,K-Means,10.0,0.6099301139617985,,,,,,
varied_density,DBSCAN,38.0,,0.05572732863433868,3.0,0.225,,,
varied_density,DBSCAN,21.0,,0.08359099295150801,3.0,0.13636363636363635,,,
varied_density,DBSCAN,11.0,,0.11145465726867736,3.0,0.09621212121212121,,,
varied_density,DBSCAN,8.0,0.4403581053257929,0.1393183215858467,3.0,0.08257575757575758,,,
varied_density,DBSCAN,8.0,0.4404234535074026,0.16718198590301603,3.0,0.07878787878787878,,,
varied_density,DBSCAN,10.0,0.323930506134577,0.2229093145373547,3.0,0.06060606060606061,,,
varied_density,DBSCAN,8.0,0.25695224887866686,0.33436397180603206,3.0,0.029545454545454545,,,
varied_density,DBSCAN,8.0,-0.4159413089577231,0.4458186290747094,3.0,0.009848484848484848,,,
varied_density,DBSCAN,28.0,,0.06470286245472763,4.0,0.23257575757575757,,,
varied_density,DBSCAN,14.0,,0.09705429368209145,4.0,0.13333333333333333,,,
varied_density,DBSCAN,5.0,0.44854314118135247,0.12940572490945526,4.0,0.10075757575757575,,,
varied_density,DBSCAN,6.0,0.5086454433677388,0.16175715613681907,4.0,0.08636363636363636,,,
varied_density,DBSCAN,6.0,0.577267090722405,0.1941085873641829,4.0,0.08257575757575758,,,
varied_density,DBSCAN,6.0,0.37593212741571025,0.2588114498189105,4.0,0.06212121212121212,,,
varied_density,DBSCAN,7.0,0.2608683946261966,0.3882171747283658,4.0,0.026515151515151516,,,
varied_density,DBSCAN,3.0,-0.5226888012302084,0.517622899637821,4.0,0.012878787878787878,,,
varied_density,DBSCAN,6.0,0.5244293876897127,0.09568006932961674,8.0,0.23863636363636365,,,
varied_density,DBSCAN,5.0,0.3965632190919273,0.1435201039944251,8.0,0.12272727272727273,,,
varied_density,DBSCAN,3.0,0.7030036743731192,0.1913601386592335,8.0,0.09696969696969697,,,
varied_density,DBSCAN,3.0,0.7086281251243824,0.23920017332404186,8.0,0.08863636363636364,,,
varied_density,DBSCAN,3.0,0.6612703432184026,0.2870402079888502,8.0,0.07651515151515151,,,
varied_density,DBSCAN,3.0,0.5108980657995056,0.382720277318467,8.0,0.056818181818181816,,,
varied_density,DBSCAN,3.0,-0.010673163508870705,0.5740804159777004,8.0,0.015909090909090907,,,
varied_density,DBSCAN,1.0,,0.765440554636934,8.0,0.005303030303030303,,,
varied_density,DBSCAN,4.0,0.4989030019464368,0.1253349766587427,16.0,0.31287878787878787,,,
varied_density,DBSCAN,4.0,0.4153856502030453,0.18800246498811407,16.0,0.1409090909090909,,,
varied_density,DBSCAN,3.0,0.7043808820188328,0.2506699533174854,16.0,0.09621212121212121,,,
varied_density,DBSCAN,2.0,0.5939264485939412,0.3133374416468568,16.0,0.07954545454545454,,,
varied_density,DBSCAN,2.0,0.5092176602515928,0.37600492997622814,16.0,0.06818181818181818,,,
varied_density,DBSCAN,2.0,0.5160015188889322,0.5013399066349709,16.0,0.05606060606060606,,,
varied_density,DBSCAN,1.0,,0.7520098599524563,16.0,0.031818181818181815,,,
varied_density,HDBSCAN,6.0,0.46278756364860607,,,0.038636363636363635,5.0,,
varied_density,HDBSCAN,6.0,0.46278756364860607,,5.0,0.038636363636363635,5.0,,
varied_density,HDBSCAN,5.0,0.554315829240656,,10.0,0.048484848484848485,5.0,,
varied_density,HDBSCAN,4.0,0.5493202268585091,,,0.05454545454545454,10.0,,
varied_density,HDBSCAN,6.0,0.46278756364860607,,5.0,0.038636363636363635,10.0,,
varied_density,HDBSCAN,4.0,0.5493202268585091,,10.0,0.05454545454545454,10.0,,
varied_density,HDBSCAN,3.0,0.6410757890400959,,,0.0696969696969697,15.0,,
varied_density,HDBSCAN,3.0,0.5441538300188188,,5.0,0.06666666666666667,15.0,,
varied_density,HDBSCAN,3.0,0.5434321894304418,,10.0,0.06212121212121212,15.0,,
varied_density,HDBSCAN,3.0,0.5440747075360507,,,0.06818181818181818,20.0,,
varied_density,HDBSCAN,3.0,0.5441538300188188,,5.0,0.06666666666666667,20.0,,
varied_density,HDBSCAN,3.0,0.5434321894304418,,10.0,0.06212121212121212,20.0,,
varied_density,HDBSCAN,3.0,0.640462113511499,,,0.07121212121212121,30.0,,
varied_density,HDBSCAN,3.0,0.5441538300188188,,5.0,0.06666666666666667,30.0,,
varied_density,HDBSCAN,3.0,0.5434321894304418,,10.0,0.06212121212121212,30.0,,
varied_density,HDBSCAN,3.0,0.6349852685569756,,,0.08181818181818182,50.0,,
varied_density,HDBSCAN,3.0,0.5441538300188188,,5.0,0.06666666666666667,50.0,,
varied_density,HDBSCAN,3.0,0.5434321894304418,,10.0,0.06212121212121212,50.0,,
varied_density,HDBSCAN,3.0,0.6334912005715032,,,0.09545454545454546,100.0,,
varied_density,HDBSCAN,3.0,0.5441538300188188,,5.0,0.06666666666666667,100.0,,
varied_density,HDBSCAN,3.0,0.5434321894304418,,10.0,0.06212121212121212,100.0,,
varied_density,GMM,,-2975.78166525778,,,,,2.0,full
varied_density,GMM,,-1475.1609615128323,,,,,3.0,full
varied_density,GMM,,-1060.032945540494,,,,,4.0,full
varied_density,GMM,,-1087.4824075674046,,,,,5.0,full
varied_density,GMM,,-1123.1652486723592,,,,,6.0,full
varied_density,GMM,,-1146.401298753861,,,,,7.0,full
varied_density,GMM,,-1184.1991135559533,,,,,8.0,full
varied_density,GMM,,-1205.0862132833404,,,,,9.0,full
varied_density,GMM,,-1244.1665485336252,,,,,10.0,full
varied_density,GMM,,-5226.73997823579,,,,,2.0,tied
varied_density,GMM,,-4852.104963802022,,,,,3.0,tied
varied_density,GMM,,-4652.154393008502,,,,,4.0,tied
varied_density,GMM,,-4603.385559045313,,,,,5.0,tied
varied_density,GMM,,-4252.2135990399465,,,,,6.0,tied
varied_density,GMM,,-4019.305062235615,,,,,7.0,tied
varied_density,GMM,,-4204.628557746602,,,,,8.0,tied
varied_density,GMM,,-3822.723926938874,,,,,9.0,tied
varied_density,GMM,,-4002.7925060609896,,,,,10.0,tied
varied_density,GMM,,-2962.615866042687,,,,,2.0,diag
varied_density,GMM,,-1454.1795571641558,,,,,3.0,diag
varied_density,GMM,,-1035.659089526079,,,,,4.0,diag
varied_density,GMM,,-1057.0178633188043,,,,,5.0,diag
varied_density,GMM,,-1087.8030998451295,,,,,6.0,diag
varied_density,GMM,,-1087.7748826131449,,,,,7.0,diag
varied_density,GMM,,-1138.551420828267,,,,,8.0,diag
varied_density,GMM,,-1145.9286698543833,,,,,9.0,diag
varied_density,GMM,,-1185.020366387764,,,,,10.0,diag
varied_density,GMM,,-4416.030174183007,,,,,2.0,spherical
varied_density,GMM,,-1435.115784079655,,,,,3.0,spherical
varied_density,GMM,,-1010.7358205955974,,,,,4.0,spherical
varied_density,GMM,,-1013.8731734923804,,,,,5.0,spherical
varied_density,GMM,,-1042.6337850189423,,,,,6.0,spherical
varied_density,GMM,,-1069.1812013995668,,,,,7.0,spherical
varied_density,GMM,,-1091.9860058545273,,,,,8.0,spherical
varied_density,GMM,,-1100.0800404497752,,,,,9.0,spherical
varied_density,GMM,,-1138.3676533033513,,,,,10.0,spherical
breast_cancer,K-Means,2.0,0.34338224069077805,,,,,,
breast_cancer,K-Means,3.0,0.3143840098608098,,,,,,
breast_cancer,K-Means,4.0,0.28330544840954164,,,,,,
breast_cancer,K-Means,5.0,0.15821041754355697,,,,,,
breast_cancer,K-Means,6.0,0.16036705901249523,,,,,,
breast_cancer,K-Means,7.0,0.15318636944468592,,,,,,
breast_cancer,K-Means,8.0,0.1471945897553088,,,,,,
breast_cancer,K-Means,9.0,0.1470399004571287,,,,,,
breast_cancer,K-Means,10.0,0.13665610302995318,,,,,,
breast_cancer,DBSCAN,2.0,,2.325113641861065,10.0,0.5553602811950791,,,
breast_cancer,DBSCAN,1.0,,3.4876704627915975,10.0,0.14762741652021089,,,
breast_cancer,DBSCAN,1.0,,2.59613030505772,20.0,0.5272407732864675,,,
breast_cancer,DBSCAN,1.0,,3.89419545758658,20.0,0.12478031634446397,,,
breast_cancer,DBSCAN,1.0,,2.9397729150643785,40.0,0.46748681898066785,,,
breast_cancer,DBSCAN,1.0,,3.3797974416257164,80.0,0.38137082601054484,,,
breast_cancer,HDBSCAN,2.0,,,,0.5922671353251318,5.0,,
breast_cancer,HDBSCAN,2.0,,,5.0,0.5922671353251318,5.0,,
breast_cancer,HDBSCAN,2.0,,,10.0,0.6151142355008787,5.0,,
breast_cancer,HDBSCAN,0.0,,,,1.0,10.0,,
breast_cancer,HDBSCAN,2.0,,,5.0,0.5922671353251318,10.0,,
breast_cancer,HDBSCAN,0.0,,,10.0,1.0,10.0,,
breast_cancer,HDBSCAN,0.0,,,,1.0,15.0,,
breast_cancer,HDBSCAN,0.0,,,5.0,1.0,15.0,,
breast_cancer,HDBSCAN,0.0,,,10.0,1.0,15.0,,
breast_cancer,HDBSCAN,0.0,,,,1.0,20.0,,
breast_cancer,HDBSCAN,0.0,,,5.0,1.0,20.0,,
breast_cancer,HDBSCAN,0.0,,,10.0,1.0,20.0,,
breast_cancer,HDBSCAN,0.0,,,,1.0,30.0,,
breast_cancer,HDBSCAN,0.0,,,5.0,1.0,30.0,,
breast_cancer,HDBSCAN,0.0,,,10.0,1.0,30.0,,
breast_cancer,HDBSCAN,0.0,,,,1.0,50.0,,
breast_cancer,HDBSCAN,0.0,,,5.0,1.0,50.0,,
breast_cancer,HDBSCAN,0.0,,,10.0,1.0,50.0,,
breast_cancer,GMM,,-6094.040119869065,,,,,2.0,full
breast_cancer,GMM,,-6252.009653165534,,,,,3.0,full
breast_cancer,GMM,,-6364.487182458702,,,,,4.0,full
breast_cancer,GMM,,-7859.330208616211,,,,,5.0,full
breast_cancer,GMM,,-7206.636563528711,,,,,6.0,full
breast_cancer,GMM,,-9466.97656903925,,,,,7.0,full
breast_cancer,GMM,,-9302.79750165921,,,,,8.0,full
breast_cancer,GMM,,-10515.314184180832,,,,,9.0,full
breast_cancer,GMM,,-12457.43637804527,,,,,10.0,full
breast_cancer,GMM,,-11299.546666818116,,,,,2.0,tied
breast_cancer,GMM,,-11156.252817901255,,,,,3.0,tied
breast_cancer,GMM,,-10865.935783351262,,,,,4.0,tied
breast_cancer,GMM,,-10907.490982015719,,,,,5.0,tied
breast_cancer,GMM,,-10684.70840677169,,,,,6.0,tied
breast_cancer,GMM,,-10666.158237583073,,,,,7.0,tied
breast_cancer,GMM,,-9715.518125266046,,,,,8.0,tied
breast_cancer,GMM,,-9560.401194794675,,,,,9.0,tied
breast_cancer,GMM,,-9457.206687061309,,,,,10.0,tied
breast_cancer,GMM,,-37876.88382329893,,,,,2.0,diag
breast_cancer,GMM,,-35697.826918311235,,,,,3.0,diag
breast_cancer,GMM,,-33791.98251197163,,,,,4.0,diag
breast_cancer,GMM,,-32334.727422989534,,,,,5.0,diag
breast_cancer,GMM,,-31125.9713942554,,,,,6.0,diag
breast_cancer,GMM,,-30503.657127703776,,,,,7.0,diag
breast_cancer,GMM,,-29537.542757607658,,,,,8.0,diag
breast_cancer,GMM,,-29068.639901861814,,,,,9.0,diag
breast_cancer,GMM,,-28902.622343032424,,,,,10.0,diag
breast_cancer,GMM,,-40561.58913623147,,,,,2.0,spherical
breast_cancer,GMM,,-38580.75299985742,,,,,3.0,spherical
breast_cancer,GMM,,-36983.855468321046,,,,,4.0,spherical
breast_cancer,GMM,,-35959.35000533447,,,,,5.0,spherical
breast_cancer,GMM,,-35097.15839322492,,,,,6.0,spherical
breast_cancer,GMM,,-34657.038127107124,,,,,7.0,spherical
breast_cancer,GMM,,-33871.6593292246,,,,,8.0,spherical
breast_cancer,GMM,,-33624.10665056463,,,,,9.0,spherical
breast_cancer,GMM,,-33228.22541129308,,,,,10.0,spherical
