dataset,method,clusters,noise_fraction,largest_fraction,silhouette,davies_bouldin,ari,nmi,fit_seconds,null_silhouette,null_clusters,null_noise_fraction
D6 wine,K-Means (k=3),3,0.0,0.3651685393258427,0.2848589191898987,1.3891879777181646,0.8974949815093207,0.8758935341223069,0.024123868999993192,0.06581019081537436,3,0.0
D6 wine,"Agglomerative (Ward, k=3)",3,0.0,0.3595505617977528,0.2774439826952266,1.4185919431857326,0.7899332213582837,0.7864652657004837,0.026470542000026853,0.044772639600100105,3,0.0
D6 wine,Spectral (k=3),3,0.0,0.3595505617977528,0.2828499553125854,1.3907413947652447,0.8803997758776985,0.8609456714542116,0.020499596000007614,0.037519596065895285,3,0.0
D6 wine,"GMM (3, diag)",3,0.0,0.39325842696629215,0.27985970127924537,1.4123657582374272,0.9150207134605749,0.8924507952192758,0.011911607000001823,0.05405753541590645,3,0.0
D6 wine,"DBSCAN (2.33, 10)",2,0.33707865168539325,0.4943820224719101,0.3563765328550952,1.062113329689221,0.29565329867798473,0.39146186135129124,0.0029640019999988,,0,1.0
D6 wine,HDBSCAN (5),2,0.3258426966292135,0.48314606741573035,0.3524024456524659,1.092607136351298,0.3422308155663096,0.4295335041104386,0.002783966000009741,,0,1.0
D7 breast_cancer,K-Means (k=2),2,0.0,0.6590509666080844,0.34338224069077816,1.3205098372342035,0.6536246043910179,0.5324078598532422,0.00826769200000399,0.033167348926505,2,0.0
D7 breast_cancer,"Agglomerative (Ward, k=2)",2,0.0,0.6766256590509666,0.33938477753669855,1.369963541894103,0.5750409366326297,0.45691492004987283,0.009123759999994263,0.01833639873505489,2,0.0
D7 breast_cancer,Spectral (k=2),2,0.0,0.6695957820738138,0.3366526976840683,1.3160681925712678,0.7608006141586142,0.6626957118108623,0.2622907450000014,0.02336157841142716,2,0.0
D7 breast_cancer,"GMM (2, full)",2,0.0,0.6239015817223199,0.31448870991364997,1.3770335909735465,0.7740159832538671,0.6610571522326751,0.08110677699997382,0.042817140244280426,2,0.0
D7 breast_cancer,"DBSCAN (2.33, 10)",2,0.5553602811950791,0.4200351493848858,0.3563580171313899,0.8532346496329801,0.2217004936719524,0.25491881470400046,0.009747067999995807,,0,1.0
D7 breast_cancer,HDBSCAN (5),2,0.5922671353251318,0.38488576449912126,0.36412652385403504,0.8437432067528536,0.15598711616690192,0.212504733390165,0.012849437999989277,,0,1.0
