dataset,owner,n_points,n_features,labelled,method,params,fit_seconds,n_clusters_found,noise_points,silhouette,davies_bouldin,adjusted_rand_index,noise_fraction,dbcv,tuning_valid,label_free_choice,tuning_seconds_all_methods
wine,"hoanganh, lam",178,13,True,K-Means,n_clusters=3,0.0242584000225178,3,0,0.2848589191898986,1.3891879777181648,0.8974949815093207,0.0,-0.2736883008742554,True,n_clusters=3,3.065899300039746
wine,"hoanganh, lam",178,13,True,DBSCAN,"eps=2.33, min_samples=10",0.0028302999562583,2,60,0.3563765328550952,1.062113329689221,0.2956532986779847,0.3370786516853932,0.1724020019029264,True,,3.065899300039746
wine,"hoanganh, lam",178,13,True,HDBSCAN,"min_cluster_size=5, min_samples=None",0.0034834999823942,2,58,0.3524024456524658,1.092607136351298,0.3422308155663096,0.3258426966292135,0.1371169927860967,True,,3.065899300039746
wine,"hoanganh, lam",178,13,True,GMM,"n_components=3, covariance_type=diag",0.0166819000151008,3,0,0.2798597012792453,1.4123657582374272,0.9150207134605748,0.0,-0.2920083349879882,True,"n_components=4, covariance_type=diag",3.065899300039746
breast_cancer,hoanganh,569,30,True,K-Means,n_clusters=2,0.0314525999710895,2,0,0.343382240690778,1.3205098372342037,0.6536246043910179,0.0,-0.6429806776570042,True,n_clusters=2,4.431334600027185
breast_cancer,hoanganh,569,30,True,DBSCAN,"eps=2.33, min_samples=10",0.0052511999965645,2,316,0.3563580171313898,0.8532346496329801,0.2217004936719524,0.5553602811950791,0.0429122183251709,False,,4.431334600027185
breast_cancer,hoanganh,569,30,True,HDBSCAN,"min_cluster_size=5, min_samples=None",0.0253254999988712,2,337,0.364126523854035,0.8437432067528536,0.1559871161669019,0.5922671353251318,0.0046380505478701,False,,4.431334600027185
breast_cancer,hoanganh,569,30,True,GMM,"n_components=2, covariance_type=full",0.0450660000205971,2,0,0.3144887099136499,1.3770335909735467,0.7740159832538671,0.0,-0.6355986599321883,True,"n_components=2, covariance_type=full",4.431334600027185
uber_nyc,"hoanganh, Ky",15000,2,False,K-Means,n_clusters=2,0.038095100026112,2,0,0.7408291639161108,0.4805160463378352,,0.0,-0.7692570646035176,True,n_clusters=2,102.88273569999728
uber_nyc,"hoanganh, Ky",15000,2,False,DBSCAN,"eps=1.4, min_samples=16",0.6336206000414677,5,204,0.6359880078035723,0.2732924529810319,,0.0136,0.2635683659884128,True,,102.88273569999728
uber_nyc,"hoanganh, Ky",15000,2,False,HDBSCAN,"min_cluster_size=200, min_samples=None",1.489747100044042,3,683,0.6398513759704022,0.2689672134986338,,0.0455333333333333,0.4042395073162447,True,,102.88273569999728
uber_nyc,"hoanganh, Ky",15000,2,False,GMM,"n_components=9, covariance_type=full",0.9174114000052214,9,0,0.3619484055644993,1.6235084828775446,,0.0,-0.648280411719253,True,"n_components=9, covariance_type=full",102.88273569999728
make_moons,"lam, hoanganh",1000,2,True,K-Means,n_clusters=2,0.032920199970249,2,0,0.4950107158130504,0.8118556172682326,0.4811166491867085,0.0,-0.7099103748817082,True,n_clusters=10,6.73456949996762
make_moons,"lam, hoanganh",1000,2,True,DBSCAN,"eps=0.123, min_samples=8",0.0057405999978072,2,43,0.3950866711678351,1.0050147762901145,0.9164336389158144,0.043,0.5124936699901428,True,,6.73456949996762
make_moons,"lam, hoanganh",1000,2,True,HDBSCAN,"min_cluster_size=50, min_samples=None",0.0151705999742262,2,27,0.4092690962149987,0.9692066742463246,0.9466758568832634,0.027,0.4994727685460964,True,,6.73456949996762
make_moons,"lam, hoanganh",1000,2,True,GMM,"n_components=2, covariance_type=tied",0.0190625999821349,2,0,0.495160445879275,0.8118598028305192,0.5007642645290581,0.0,-0.7146803562990419,True,"n_components=9, covariance_type=full",6.73456949996762
mall_customers,lam,200,3,False,K-Means,n_clusters=6,0.0261866999790072,6,0,0.4284167762892593,0.8253539040983219,,0.0,0.0028967726769973,True,n_clusters=6,1.3583286000066437
mall_customers,lam,200,3,False,DBSCAN,"eps=0.59, min_samples=6",0.0023365999804809,3,46,0.2771558021678009,1.0219500977294844,,0.23,0.2006674757487508,True,,1.3583286000066437
mall_customers,lam,200,3,False,HDBSCAN,"min_cluster_size=5, min_samples=None",0.0046407000045292,6,75,0.5569074057684305,0.6148315043972488,,0.375,0.2840563504388238,True,,1.3583286000066437
mall_customers,lam,200,3,False,GMM,"n_components=5, covariance_type=diag",0.0325807000044733,5,0,0.3431032454629883,1.140509926702109,,0.0,-0.0910879358185655,True,"n_components=5, covariance_type=diag",1.3583286000066437
fashion_mnist,lam,3000,50,True,K-Means,n_clusters=10,0.1012597000226378,10,0,0.2020654414144705,1.4701688995452311,0.3433075363347688,0.0,-0.5494913165318781,True,n_clusters=3,43.86916439997731
fashion_mnist,lam,3000,50,True,DBSCAN,"eps=3.73, min_samples=10",0.0222146000014618,2,765,-0.0144308142611982,1.5925902405692265,0.0170211361027162,0.255,0.1101986855301475,True,,43.86916439997731
fashion_mnist,lam,3000,50,True,HDBSCAN,"min_cluster_size=15, min_samples=5",0.4191623000078834,2,988,0.0422829502571809,1.7297925068338371,0.0226904904017699,0.3293333333333333,0.00046129884675,True,,43.86916439997731
fashion_mnist,lam,3000,50,True,GMM,"n_components=10, covariance_type=full",2.4759672000072896,10,0,0.1294076652442668,2.496725112352723,0.3885153278382733,0.0,-0.5360748316404524,True,"n_components=6, covariance_type=full",43.86916439997731
earthquakes_1965_2016,Ky,23412,3,False,K-Means,n_clusters=40,0.344532800023444,40,0,0.5280847350744016,0.6452887729711643,,0.0,-0.4997572615725455,True,n_clusters=40,235.89968600001885
earthquakes_1965_2016,Ky,23412,3,False,DBSCAN,"eps=0.229, min_samples=24",0.7951069999835454,2,3,-0.0166785795000104,1.099928819112115,,0.0001281394156842,0.0458769796525715,True,,235.89968600001885
earthquakes_1965_2016,Ky,23412,3,False,HDBSCAN,"min_cluster_size=200, min_samples=None",4.392215800005943,16,6641,0.6151112422169793,0.4047505081604941,,0.2836579531864001,0.5074271548229125,True,,235.89968600001885
earthquakes_1965_2016,Ky,23412,3,False,GMM,"n_components=50, covariance_type=full",9.58865990000777,50,0,0.4779653016260811,0.718958631294319,,0.0,-0.2769503399027703,True,"n_components=50, covariance_type=full",235.89968600001885
ecoli,Ky,336,7,True,K-Means,n_clusters=8,0.0374378000269643,8,0,0.2604668582344915,1.09123320162205,0.5079066892753646,0.0,-0.4131008990301845,True,n_clusters=5,2.3685507999616675
ecoli,Ky,336,7,True,DBSCAN,"eps=0.809, min_samples=7",0.0044295999687165,2,106,0.4709881606005388,0.8334454793419749,0.394590305844976,0.3154761904761904,0.2365031286585137,True,,2.3685507999616675
ecoli,Ky,336,7,True,HDBSCAN,"min_cluster_size=5, min_samples=None",0.0065575999906286,2,1,0.5593408551438688,0.6374892782022871,0.0380544118776819,0.0029761904761904,0.6799145749657282,True,,2.3685507999616675
ecoli,Ky,336,7,True,GMM,"n_components=8, covariance_type=full",0.0946285999962128,8,0,0.1573040381288915,2.0242881267577477,0.6182511066988179,0.0,-0.3827899197619924,True,"n_components=7, covariance_type=full",2.3685507999616675
earthquakes_2023,weiyew,7643,3,False,K-Means,n_clusters=40,0.1800862000091001,40,0,0.5803737289396502,0.5781388249455812,,0.0,-0.3772533006691412,True,n_clusters=40,74.98478840000462
earthquakes_2023,weiyew,7643,3,False,DBSCAN,"eps=0.0684, min_samples=24",0.0780857999925501,16,922,0.2798936216193734,0.4292381128626885,,0.1206332591914169,0.3691292782046563,True,,74.98478840000462
earthquakes_2023,weiyew,7643,3,False,HDBSCAN,"min_cluster_size=30, min_samples=None",0.3410902000032365,38,1651,0.6527333742454077,0.3999129172553926,,0.2160146539317022,0.4366352474844627,True,,74.98478840000462
earthquakes_2023,weiyew,7643,3,False,GMM,"n_components=50, covariance_type=full",3.0108924000523984,50,0,0.5499688878054393,0.6308436289745952,,0.0,-0.2190667705131367,True,"n_components=50, covariance_type=full",74.98478840000462
hdb_resale,weiyew,20000,4,False,K-Means,n_clusters=4,0.0861116000451147,4,0,0.3192638662033339,1.117827469649329,,0.0,-0.75686812904096,True,n_clusters=4,164.03851449996
hdb_resale,weiyew,20000,4,False,DBSCAN,"eps=0.532, min_samples=32",0.7882191000389867,3,1338,0.1228989678044057,1.2703058374759106,,0.0669,-0.3343546668207682,True,,164.03851449996
hdb_resale,weiyew,20000,4,False,HDBSCAN,"min_cluster_size=200, min_samples=None",3.271963100007269,2,5922,0.1565041785636535,1.104473682764708,,0.2961,-0.1007431581764971,True,,164.03851449996
hdb_resale,weiyew,20000,4,False,GMM,"n_components=10, covariance_type=full",1.7421108999988064,10,0,0.1710502767722165,1.5759816682246188,,0.0,-0.5743787083546402,True,"n_components=10, covariance_type=full",164.03851449996
