subset,method,earthquakes,n_clusters,noise_fraction,largest_cluster_share,silhouette,davies_bouldin,ARI vs full labels
all magnitude 4.5+ (baseline),K-means++,7643,6,0.0,0.30969514588512365,0.527908507662719,0.7381566573548294,1.0
all magnitude 4.5+ (baseline),DBSCAN,7643,41,0.40350647651445765,0.11788564699725239,0.703265996214921,0.3512295084693416,1.0
all magnitude 4.5+ (baseline),HDBSCAN,7643,28,0.30707837236687163,0.07523223864974486,0.7572118320163524,0.3288366088615081,1.0
magnitude 5.0+,K-means++,1780,6,0.0,0.29719101123595504,0.5171731758693574,0.7379401868491205,0.9660745700035668
magnitude 5.0+,DBSCAN,1780,12,0.7123595505617978,0.06853932584269663,0.8980453207250192,0.14325901039062594,0.3432918753443922
magnitude 5.0+,HDBSCAN,1780,8,0.3292134831460674,0.14157303370786517,0.6816077247573403,0.4483267811178544,0.32162689882176143
random subset of same size (control),K-means++,1780,6,0.0,0.3101123595505618,0.5391343902039252,0.7510169116409481,0.9771068241224541
random subset of same size (control),DBSCAN,1780,12,0.6955056179775281,0.0848314606741573,0.8986874123640683,0.13703579283241,0.3149931110629081
random subset of same size (control),HDBSCAN,1780,8,0.31685393258426964,0.1696629213483146,0.6752290449088661,0.4557377339396133,0.3031752180964675
