subset,method,earthquakes,n_clusters,noise_fraction,largest_cluster_share,silhouette,davies_bouldin,ARI vs full-year labels
Jan-Jun,K-means++,3670,6,0.0,0.3010899182561308,0.5627387230708726,0.7095947611545892,0.9633341484610551
Jan-Jun,DBSCAN,3670,25,0.5798365122615804,0.05395095367847411,0.7886654208153508,0.2872890658921433,0.616232333531606
Jan-Jun,HDBSCAN,3670,14,0.3555858310626703,0.10517711171662125,0.7215464332119006,0.34499466695099024,0.4143747163382693
Jul-Dec,K-means++,3973,6,0.0,0.3284671532846715,0.5041103883299903,0.7907657599436292,0.8290914193679619
Jul-Dec,DBSCAN,3973,25,0.5585200100679587,0.13239365718600554,0.8603664792891066,0.26066101984409884,0.5498101356462454
Jul-Dec,HDBSCAN,3973,14,0.27359677825320916,0.16435942612635288,0.7096109538003335,0.37707372281759505,0.4723136511989308
random half A (control),K-means++,3670,6,0.0,0.3008174386920981,0.5210141571642155,0.7326946683300178,0.96838160592561
random half A (control),DBSCAN,3670,21,0.582016348773842,0.07929155313351499,0.836398288849015,0.2027073061093326,0.5508559491392935
random half A (control),HDBSCAN,3670,16,0.4310626702997275,0.07302452316076294,0.7917889169094545,0.27801888052009344,0.5047537127974251
random half B (control),K-means++,3973,6,0.0,0.3216712811477473,0.5298433212840261,0.7345949055524811,0.9938777052547786
random half B (control),DBSCAN,3973,22,0.5899823810722375,0.07802668009061163,0.8358823227018403,0.2443022358613196,0.5265854009859332
random half B (control),HDBSCAN,3973,19,0.3209161842436446,0.09539390888497357,0.7276979476181367,0.3484454705727473,0.5436567067184944
