min_samples,eps_quantile,eps_km,seconds,n_clusters,noise_fraction,largest_cluster_share,silhouette,davies_bouldin
5,0.25,11.227922990253049,0.04216870799427852,123,0.6937066596886039,0.06031662959570849,0.632221711104729,0.2668938628808927
5,0.5,30.849684950944013,0.04639741599385161,219,0.4362161454926076,0.06842862750228967,0.6460351755334428,0.3055279721043015
5,0.75,78.80528993824365,0.0503549999993993,176,0.19651969122072485,0.12194164595054298,0.383191297737447,0.3683234325902229
5,0.9,168.02997976496226,0.05726808399776928,107,0.07261546513149288,0.35509616642679576,0.02546156347809889,0.47291287204206844
5,0.95,265.5732531960998,0.06217629098682664,79,0.03637315190370274,0.5158968991233809,0.1428256553717712,0.4536614942648453
10,0.25,20.44020145967484,0.04412854099064134,57,0.6944916917440795,0.06476514457673688,0.8776254643282557,0.18693432180197456
10,0.5,59.71223205727796,0.04898383301042486,102,0.4048148632735837,0.07379301321470627,0.6595495984677168,0.3488896126055272
10,0.75,140.49059319978736,0.054839457996422425,66,0.18997775742509485,0.1655109250294387,0.3759820776508983,0.3356230630187079
10,0.9,312.11307073917146,0.06341170900850557,52,0.059400758864320294,0.6378385450739239,0.1693762773211265,0.4534910597883575
10,0.95,455.5121692911864,0.06879754200053867,32,0.024597671071568756,0.6674080858301714,0.24668672841599246,0.5357711770197489
20,0.25,37.9779735803865,0.04734499999904074,31,0.6955384011513803,0.06764359544681407,0.8490855257537766,0.20505886587383912
20,0.5,101.77453351676719,0.051294332995894365,41,0.40350647651445765,0.11788564699725239,0.703265996214921,0.3512295084693416
20,0.75,237.4483999775501,0.05912787499255501,23,0.19207117623969647,0.35561952113044615,0.4082189829761264,0.42808353216152084
20,0.9,573.0779916632522,0.07306916700326838,20,0.0528588250686903,0.6951458851236425,0.2430254358639261,0.5447388819117902
20,0.95,810.1628732755325,0.08041029100422747,14,0.021195865497841162,0.7402852283134894,0.1381250774526349,0.6487952095883965
