cluster,events,% of events,centre latitude,centre longitude,median km to centre,95th percentile km to centre,median depth km,top regions
0,575,7.5232238649744865,8.541932282043167,126.71063902350245,34.337017466805776,174.37101516524584,52.534,"Philippines (572), Philippine Islands region (3)"
1,427,5.5868114614680096,-4.888843217190677,148.4959800015758,411.2515441242118,981.768131212864,33.23,"Papua New Guinea (364), Indonesia (54), Solomon Islands (7)"
2,391,5.1157922281826504,33.011933020159915,141.01861323428957,360.28358262562966,989.1361388405309,10.0,"Japan region (246), Japan (145)"
3,299,3.912076409786733,-23.08351056000273,-69.79014281682291,601.9912042699568,1315.8228655081116,106.733,"Chile (132), Argentina (81), Peru (66)"
4,294,3.846657071830433,-57.50179856794505,-25.497992190819506,212.15902629584184,1451.1224216056255,29.576,"South Sandwich Islands region (248), southern Mid-Atlantic Ridge (17), the South Sandwich Islands (9)"
5,291,3.8074054690566532,-30.36796790214613,-177.78708187747515,146.48368703133818,308.938018147431,18.266,"Kermadec Islands region (136), New Zealand (109), the Kermadec Islands (46)"
6,283,3.702734528326573,-22.663880534384713,170.61455933357658,71.47051508514419,294.2758114369061,10.0,"the Loyalty Islands (206), New Caledonia (44), Vanuatu (33)"
7,246,3.2186314274499543,37.91370351668543,36.50649542678408,129.53141185891582,1190.6536608206482,10.0,"Turkey (184), Central Turkey (17), Greece (12)"
8,234,3.0616250163548346,10.927010371221929,-85.33894627500295,778.0612216640463,1432.6314605815105,35.0,"Mexico (51), Colombia (49), Panama (35)"
9,227,2.9700379432160147,-13.9506940816722,166.97768237551415,135.88191797720899,350.6799191032363,33.385,"Vanuatu (180), Solomon Islands (40), Santa Cruz Islands (7)"
10,195,2.5513541802956956,0.8263427940293817,98.86079979502242,799.4966929361768,1321.7807947820206,25.721,"Indonesia (146), India region (25), India (24)"
11,187,2.4466832395656155,56.736808936530366,-29.516440047222225,890.5241109573577,2416.2191780784924,10.0,"Reykjanes Ridge (86), Iceland (44), northern Mid-Atlantic Ridge (28)"
12,168,2.198089755331676,-6.421938820677854,129.765548961794,67.48297313144371,250.74292517433142,37.370999999999995,"Banda Sea (77), Indonesia (67), Timor Leste (24)"
13,168,2.198089755331676,2.6927531259584563,126.9810547764415,32.92263275062792,143.80589360373432,46.328,"Indonesia (145), Molucca Sea (17), Philippines (6)"
14,167,2.185005887740416,24.87674459479956,125.05907929679593,387.3807048575339,751.6727115845962,18.235,"Japan (106), Taiwan (41), Philippines (18)"
15,166,2.171922020149156,-23.71445400046155,-175.76579738552073,50.338634413441824,153.1927758620806,10.0,"Tonga (130), the Fiji Islands (22), Tonga region (14)"
16,138,1.8055737275938768,19.798296897294033,145.56044899231907,50.059415277750084,224.1698240843205,10.0,"Northern Mariana Islands (127), Mariana Islands region (9), Japan region (2)"
17,113,1.4784770378123773,37.31386249046889,73.0374604437097,239.3675691967828,776.8241053096423,13.774,"Afghanistan (39), Tajikistan (34), China (19)"
18,110,1.4392254350385973,-16.364153493341462,-173.72539987117253,138.70506319657767,421.3511681876227,35.064499999999995,"Tonga (107), Samoa Islands region (3)"
19,107,1.3999738322648174,-24.915149372564,68.02329895723469,1025.7512408511966,1961.5047191537574,10.0,"Mid-Indian Ridge (65), Southwest Indian Ridge (22), Indian Ocean Triple Junction (7)"
20,93,1.216799685987178,53.4927835250916,-167.29527767890767,426.59080483060785,858.4596426124729,35.0,"Alaska (89), Alaska Peninsula (3), Alaska Earthquake (1)"
21,67,0.8766191286144184,13.309540352556402,47.1768774728732,152.9973665887849,998.4374265647159,10.0,"Somalia (40), Eritrea (9), Owen Fracture Zone region (5)"
22,65,0.8504513934318985,-23.80606088870983,-179.9984543747977,62.87734536456312,126.31225020164221,525.043,the Fiji Islands (65)
23,61,0.7981159230668585,12.89982901398778,144.2740087737047,103.52327797688274,196.34582546295923,34.599,"Guam (49), Guam region (6), Northern Mariana Islands (5)"
24,57,0.7457804527018187,47.013645111771176,152.8541341746416,119.07468978446326,322.2042278008575,35.0,"Kuril Islands (33), Russia (22), the Kuril Islands (2)"
25,56,0.7326965851105587,-55.97569471797997,-131.83946722600376,563.8699850485577,1070.6921378563115,10.0,"Pacific-Antarctic Ridge (39), southern East Pacific Rise (17)"
26,56,0.7326965851105587,-19.032812629873675,-178.3108560024833,132.42481089523187,238.03570371700067,557.6265000000001,"Fiji (29), Fiji region (22), Tonga (5)"
27,55,0.7196127175192987,2.808912048316035,-28.276335175514298,642.5191623373976,2542.726381041769,10.0,"central Mid-Atlantic Ridge (41), Ascension Island (10), northern Mid-Atlantic Ridge (3)"
