data,min_cluster_size,min_samples,seconds,largest_5_sizes,n_clusters,noise_fraction,largest_cluster_share,silhouette,davies_bouldin
real,25,default,1.052766207998502,"[821, 554, 418, 309, 291]",47,0.2273976187360984,0.1074185529242444,0.6545302288711817,0.3514407808856663
uniform null,25,default,1.0994723339972552,"[1828, 181, 162, 135, 93]",20,0.5903441057176502,0.23917309956823238,0.33819662719224886,0.5421102767443434
real,25,5,1.012078959000064,"[576, 272, 241, 230, 207]",88,0.20031401282219025,0.07536307732565746,0.6426558441658158,0.4744094145686459
uniform null,25,5,1.0554075840045698,"[622, 213, 121, 109, 92]",74,0.43687033887217064,0.08138165641763705,0.33558408633230685,0.7730919284866024
real,25,10,1.0549046250089305,"[560, 300, 268, 257, 239]",75,0.2238649744864582,0.07326965851105587,0.6560448139893731,0.4338154552574174
uniform null,25,10,1.0724014159932267,"[1927, 781, 202, 164, 104]",29,0.449169174407955,0.25212612848357974,0.016683113942723725,0.8297070191594854
real,50,default,1.0817879579990404,"[575, 427, 391, 299, 294]",28,0.30707837236687163,0.07523223864974486,0.7572118320163524,0.3288366088615081
uniform null,50,default,1.1360046250047162,"[2618, 1585, 71, 62]",4,0.4326835012429674,0.3425356535391862,0.31950224991744874,0.726743809655178
real,50,5,1.0118369169940706,"[576, 381, 356, 337, 332]",42,0.17898730864843648,0.07536307732565746,0.6083135801808219,0.4790127351450505
uniform null,50,5,1.056498375008232,"[1063, 233, 213, 182, 153]",29,0.504383095643072,0.13908151249509354,0.30443907859581715,0.7906215904375623
real,50,10,1.0174399579991587,"[560, 344, 329, 328, 300]",40,0.21405207379301322,0.07326965851105587,0.6273975956958712,0.5016697381651156
uniform null,50,10,1.1016977499966742,"[1927, 1049, 202, 164, 149]",12,0.46879497579484497,0.25212612848357974,0.09549399956975596,0.836097223703383
real,100,default,1.1504041250009323,"[706, 576, 427, 348, 294]",15,0.40952505560643726,0.09237210519429544,0.7525844370574211,0.3114208346089527
uniform null,100,default,1.189332750000176,"[2949, 1647]",2,0.3986654455056915,0.3858432552662567,0.5984454376308004,0.8241106822979493
real,100,5,1.0138203329988755,"[576, 433, 381, 361, 337]",23,0.20816433337694623,0.07536307732565746,0.6356170758291021,0.5558053454022647
uniform null,100,5,1.0522801659972174,"[2707, 1902, 234, 183, 182]",8,0.27502289676828473,0.35418029569540754,0.07910932572581324,0.9236942017432155
real,100,10,1.0202917919959873,"[560, 475, 363, 329, 328]",25,0.20227659296087924,0.07326965851105587,0.6484579720458924,0.5174331927597892
uniform null,100,10,1.0713070000056177,"[1927, 1049, 280, 164, 149]",6,0.519429543373021,0.25212612848357974,0.2663141475459119,0.8609902640781325
