init,seed,inertia,iterations,seconds,inertia_gap_%
random,0,1199.1972515645937,9,0.004024541995022446,16.347062654583656
random,1,1090.7597264526253,34,0.008849125006236136,5.826368488674283
random,2,1221.044933974632,13,0.004696582996984944,18.46674202418006
random,3,1049.7307569636741,9,0.003737666003871709,1.8457055263835676
random,4,1148.5914393866242,22,0.0059509589918889105,11.437246865334272
random,5,1145.7165179594626,14,0.004568792006466538,11.158319722217037
random,6,1222.1032568508524,7,0.0025638749939389527,18.56942134388977
random,7,1221.0446055802608,6,0.0027677500038407743,18.466710163099307
random,8,1222.2231357994112,16,0.005096666995086707,18.58105209397758
random,9,1222.2231357994115,22,0.005346875012037344,18.5810520939776
random,10,1090.7540032988227,24,0.006832666011177935,5.825813223780885
random,11,1224.0510991529582,8,0.0026764590002130717,18.758402539492636
random,12,1222.2233945165358,21,0.0057994579983642325,18.58107719491695
random,13,1136.758808069659,10,0.003628165999543853,10.289235647490536
random,14,1052.0525023464063,12,0.00466495800355915,2.070963093610567
random,15,1051.6014022317481,21,0.006384958993294276,2.027197004891512
random,16,1033.9839621101478,20,0.00626066600671038,0.31793907675088384
random,17,1221.0445129260036,17,0.004913249998935498,18.46670117371023
random,18,1034.056764079452,10,0.0033843330020317808,0.32500238120141134
random,19,1049.746208170934,10,0.0038225839962251484,1.8472046146918775
k-means++,0,1030.7097837119768,15,0.005629416991723701,0.00027570757850092775
k-means++,1,1091.0465247387203,9,0.0036495410022325814,5.854193884469683
k-means++,2,1148.5920956263244,6,0.003389332996448502,11.437310534227297
k-means++,3,1090.7540032988227,14,0.004648000001907349,5.825813223780885
k-means++,4,1049.7815748497596,10,0.004238749999785796,1.8506359177504983
k-means++,5,1055.6474140893133,9,0.003831541005638428,2.4197442647181377
k-means++,6,1030.7069419748257,8,0.0039703329966869205,0.0
k-means++,7,1136.973238567693,6,0.003541833008057438,10.310039863441878
k-means++,8,1139.7852580447752,8,0.003492957999696955,10.582864209777853
k-means++,9,1034.027689514026,12,0.004845624993322417,0.32218154394476617
k-means++,10,1049.7925394311767,20,0.0061085829947842285,1.851699710082788
k-means++,11,1030.724819916536,6,0.0036040420091012493,0.0017345319976325158
k-means++,12,1033.9398602889864,7,0.004053832992212847,0.3136602832970681
k-means++,13,1145.1555708201802,9,0.004196499998215586,11.1038961885783
k-means++,14,1030.7069419748257,10,0.004524666001088917,0.0
k-means++,15,1135.5784907565194,5,0.003946875003748573,10.1747203313447
k-means++,16,1049.7925394311767,22,0.007384915996226482,1.851699710082788
k-means++,17,1033.9839621101478,12,0.005105125004774891,0.31793907675088384
k-means++,18,1135.577117967425,12,0.004740874996059574,10.174587142264603
k-means++,19,1149.6492854892515,6,0.003573916997993365,11.539879928094132
