K,inertia,silhouette,silhouette_null,davies_bouldin,smallest_cluster,largest_cluster,silhouette_minus_null,seed_stability_ari,seed_stability_min_ari
2,3582.8426021309515,0.5442082973041857,0.528869327845161,1.08028708405349,2109,5534,0.015338969459024687,1.0,1.0
3,2432.2971195262053,0.4588025680271841,0.4575218549850604,0.8172298888956537,1585,3907,0.0012807130421236823,1.0,1.0
4,1616.065300617457,0.5265529048630292,0.3873893439237916,0.7597106146708777,999,3466,0.1391635609392376,1.0,1.0
5,1317.258861243074,0.5266367685892195,0.39839253542856273,0.8273088918416874,763,3336,0.12824423316065675,0.9780605195179245,0.891371752505612
6,1030.7097837119768,0.527908507662719,0.3842799393657888,0.7381566573548294,490,2367,0.14362856829693021,0.9931570400662257,0.97434218297709
7,875.1895189876325,0.525537249248541,0.39932564976373114,0.7431320146127748,336,2332,0.1262115994848098,0.930868972920577,0.8716574194681597
8,746.1877063590032,0.5289348205628687,0.3801652765547354,0.7227979368230227,264,2072,0.14876954400813325,0.9244460737873834,0.8366421832725334
9,664.0622254081945,0.5278775426437914,0.3784658936120247,0.6988816911614958,240,1965,0.14941164903176668,0.8788850564474953,0.7159756784381537
10,580.5483111792817,0.5164317540461936,0.3819359986253789,0.7178697631410238,308,1665,0.13449575542081466,0.8543859174978086,0.70944564519428
11,505.8803317977692,0.5214146189497108,0.38792072546857354,0.6988729809218015,207,1803,0.13349389348113722,0.9122509742328231,0.7359368637847397
12,444.53226118478324,0.531560450073029,0.39078715396847735,0.6947285994698459,200,1565,0.14077329610455164,0.9343756067214664,0.8791667081398197
