n,seed,method,seconds
500,0,K-means++ (n_init=10),0.006434416020056233
500,0,K-means++ (n_init=1),0.0009987500088755041
500,0,DBSCAN,0.001451457996154204
500,0,HDBSCAN,0.009538958023767918
500,1,K-means++ (n_init=10),0.005154374986886978
500,1,K-means++ (n_init=1),0.0007995410123839974
500,1,DBSCAN,0.0013982499949634075
500,1,HDBSCAN,0.009899458003928885
500,2,K-means++ (n_init=10),0.005223375017521903
500,2,K-means++ (n_init=1),0.0007515839824918658
500,2,DBSCAN,0.0014603330055251718
500,2,HDBSCAN,0.009330415981821716
1000,0,K-means++ (n_init=10),0.007004542014328763
1000,0,K-means++ (n_init=1),0.0009139169997069985
1000,0,DBSCAN,0.0028726659948006272
1000,0,HDBSCAN,0.031003332987893373
1000,1,K-means++ (n_init=10),0.007981124974321574
1000,1,K-means++ (n_init=1),0.0010201669938396662
1000,1,DBSCAN,0.00397429199074395
1000,1,HDBSCAN,0.028517750004539266
1000,2,K-means++ (n_init=10),0.008503958000801504
1000,2,K-means++ (n_init=1),0.001106125011574477
1000,2,DBSCAN,0.0028583750245161355
1000,2,HDBSCAN,0.027938292012549937
2000,0,K-means++ (n_init=10),0.012449333007680252
2000,0,K-means++ (n_init=1),0.0014882080140523612
2000,0,DBSCAN,0.007176375016570091
2000,0,HDBSCAN,0.09977999998955056
2000,1,K-means++ (n_init=10),0.013315332995261997
2000,1,K-means++ (n_init=1),0.0017528340104036033
2000,1,DBSCAN,0.006587124982615933
2000,1,HDBSCAN,0.0934017079998739
2000,2,K-means++ (n_init=10),0.013387749990215525
2000,2,K-means++ (n_init=1),0.001562499994179234
2000,2,DBSCAN,0.006953708012588322
2000,2,HDBSCAN,0.1021234999934677
4000,0,K-means++ (n_init=10),0.018221417005406693
4000,0,K-means++ (n_init=1),0.00201424999977462
4000,0,DBSCAN,0.01706262500374578
4000,0,HDBSCAN,0.3284700420044828
4000,1,K-means++ (n_init=10),0.04751591698732227
4000,1,K-means++ (n_init=1),0.0017477499786764383
4000,1,DBSCAN,0.01834333300939761
4000,1,HDBSCAN,0.33639670797856525
4000,2,K-means++ (n_init=10),0.031768917018780485
4000,2,K-means++ (n_init=1),0.002006958005949855
4000,2,DBSCAN,0.01769050001166761
4000,2,HDBSCAN,0.34056495799450204
7643,0,K-means++ (n_init=10),0.024813708005240187
7643,0,K-means++ (n_init=1),0.003638499998487532
7643,0,DBSCAN,0.05473100001108833
7643,0,HDBSCAN,1.1143958329921588
7643,1,K-means++ (n_init=10),0.022744666988728568
7643,1,K-means++ (n_init=1),0.00295166700379923
7643,1,DBSCAN,0.05421529200975783
7643,1,HDBSCAN,1.1195137909962796
7643,2,K-means++ (n_init=10),0.022856875002617016
7643,2,K-means++ (n_init=1),0.002468834019964561
7643,2,DBSCAN,0.054466000001411885
7643,2,HDBSCAN,1.1295721670030616
